plot_file,actively_saved,actively_saved_on_year,actively_saved_on_month,actively_saved_on_day,operator,plot_number,id,location_srs,location_x,location_y,imagery_1992_availability,imagery_1992_availability_label,imagery_1992_date,presence_1992_of,presence_1992_of_label,size_1992_group,size_1992_group_label,notes_1992_inside_polygon,notes_1992_outside_polygon,imagery_1997_availability,imagery_1997_availability_label,imagery_1997_date,presence_1997_of,presence_1997_of_label,size_1997_group,size_1997_group_label,notes_1997_inside_polygon,notes_1997_outside_polygon,imagery_2004_availability,imagery_2004_availability_label,imagery_2004_date,presence_2004_of,presence_2004_of_label,size_2004_group,size_2004_group_label,notes_2004_inside_polygon,notes_2004_outside_polygon,imagery_2015_availability,imagery_2015_availability_label,imagery_2015_date,presence_2015_of,presence_2015_of_label,size_2015_group,size_2015_group_label,notes_2015_inside_polygon,notes_2015_outside_polygon
Edited_for_CEP_try_2.csv,TRUE,2019,1,24,J Johanness,5,FOR to MOS,EPSG:4326,98.80075737,12.0357779,,,,,,,,,,,,,,,,,,,,,,,,,,,,1,Yes,2013,2,Rubber,1,Small,"Very small RBR, mainly FOR",NA
Edited_for_CEP_try_2.csv,TRUE,2019,1,24,J Johanness,14,FOR to MOS,EPSG:4326,98.52183047,13.37636374,,,,,,,,,,,,,,,,,,,,,,,,,,,,1,Yes,2015,2,Rubber,1,Small,NA,NA
Edited_for_CEP_try_2.csv,TRUE,2019,1,24,J Johanness,33,FOR to MOS,EPSG:4326,98.84118155,12.12860381,,,,,,,,,,,,,,,,,,,,,,,,,,,,1,Yes,2012,2,Rubber,1,Small,NA,NA
Edited_for_CEP_try_2.csv,TRUE,2019,1,24,J Johanness,37,FOR to MOS,EPSG:4326,99.39364545,11.43196031,,,,,,,,,,,,,,,,,,,1,Yes,2003,5,Forest,4,NA,NA,NA,1,Yes,"2013, 2017",2,Rubber,1,Small,NA,NA
Edited_for_CEP_try_2.csv,TRUE,2019,1,24,J Johanness,46,FOR to MOS,EPSG:4326,99.0729469,11.8550668,,,,,,,,,,,,,,,,,,,,,,,,,,,,1,Yes,2014,2,Rubber,1,Small,NA,NA
Edited_for_CEP_try_2.csv,TRUE,2019,1,25,J Johanness,50,FOR to MOS,EPSG:4326,98.74820592,11.39827348,,,,,,,,,,,,,,,,,,,,,,,,,,,,1,Yes,2015,2,Rubber,1,Small,"RPD too, small",NA
Edited_for_CEP_try_2.csv,TRUE,2019,1,25,J Johanness,73,FOR to MOS,EPSG:4326,98.94897939,11.52763088,,,,,,,,,,,,,,,,,,,,,,,,,,,,1,Yes,"2014, 20165",2,Rubber,1,Small,Medium logging,NA
Edited_for_CEP_try_2.csv,TRUE,2019,1,25,J Johanness,118,FOR to MOS,EPSG:4326,98.58111928,10.21586599,,,,,,,,,,,,,,,,,,,1,Yes,2005,5,Forest,4,NA,NA,NA,1,Yes,"2014, 2015",2,Rubber,1,Small,NA,NA
Edited_for_CEP_try_2.csv,TRUE,2019,1,25,J Johanness,125,FOR to MOS,EPSG:4326,98.10141892,13.90726807,,,,,,,,,,,,,,,,,,,1,Yes,2005,2,Rubber,1,Small,NA,NA,1,Yes,2016,2,Rubber,1,Small,NA,NA
Edited_for_CEP_try_2.csv,TRUE,2019,1,25,J Johanness,131,FOR to MOS,EPSG:4326,98.80075737,12.57326987,,,,,,,,,,,,,,,,,,,,,,,,,,,,1,Yes,"2012, 2017",2,Rubber,1,Small,NA,NA
Edited_for_CEP_try_2.csv,TRUE,2019,1,25,J Johanness,140,FOR to MOS,EPSG:4326,98.85735123,12.50859117,,,,,,,,,,,,,,,,,,,,,,,,,,,,1,Yes,2013,2,Rubber,1,Small,NA,NA
Edited_for_CEP_try_2.csv,TRUE,2019,1,25,J Johanness,143,FOR to MOS,EPSG:4326,99.12145592,12.29030056,,,,,,,,,,,,,,,,,,,,,,,,,,,,1,Yes,"2014, 2016",2,Rubber,1,Small,NA,NA
Edited_for_CEP_try_2.csv,TRUE,2019,1,25,J Johanness,146,FOR to MOS,EPSG:4326,98.50700827,13.45451717,,,,,,,,,,,,,,,,,,,1,Yes,2002,7,Mixed,4,NA,NA,NA,1,Yes,"2012, 2015",2,Rubber,1,Small,"BUA, small.",NA
Edited_for_CEP_try_2.csv,TRUE,2019,1,24,J Johanness,47,FOR to MOS,EPSG:4326,98.71265337,10.35595135,,,,,,,,,,,,,,,,,,,,,,,,,,,,1,Yes,"2013, 2016",2,Rubber,2,Medium,RBR and OPM med,NA
Edited_for_CEP_try_2.csv,TRUE,2019,1,25,J Johanness,53,FOR to MOS,EPSG:4326,98.96514906,12.31994496,,,,,,,,,,,,,,,,,,,,,,,,,,,,1,Yes,"2013, 2014, 2016",2,Rubber,2,Medium,NA,NA
Edited_for_CEP_try_2.csv,TRUE,2019,1,25,J Johanness,89,FOR to MOS,EPSG:4326,98.54204256,13.29551536,,,,,,,,,,,,,,,,,,,,,,,,,,,,1,Yes,"2012, 2015",2,Rubber,2,Medium,NA,NA
Edited_for_CEP_try_2.csv,TRUE,2019,1,25,J Johanness,100,FOR to MOS,EPSG:4326,98.4558043,14.33037457,,,,,,,,,,,,,,,,,,,,,,,,,,,,1,Yes,2013,2,Rubber,2,Medium,NA,NA
Edited_for_CEP_try_2.csv,TRUE,2019,1,25,J Johanness,110,FOR to MOS,EPSG:4326,98.70373932,12.79964533,,,,,,,,,,,,,,,,,,,,,,,,,,,,1,Yes,"2013, 2014, 2016",2,Rubber,2,Medium,NA,NA
Edited_for_CEP_try_2.csv,TRUE,2019,1,25,J Johanness,130,FOR to MOS,EPSG:4326,98.55416982,10.27448106,,,,,,,,,,,,,,,,,,,,,,,,,,,,1,Yes,"2012, 2015, 2017",2,Rubber,2,Medium,NA,NA
Edited_for_CEP_try_2.csv,TRUE,2019,1,24,J Johanness,21,FOR to MOS,EPSG:4326,98.96245412,12.59482944,,,,,,,,,,,,,,,,,,,,,,,,,,,,1,Yes,"2013, 2014, 2016",2,Rubber,3,Large,NA,NA
Edited_for_CEP_try_2.csv,TRUE,2019,1,24,J Johanness,23,FOR to MOS,EPSG:4326,98.69026459,12.90205327,,,,,,,,,,,,,,,,,,,,,,,,,,,,1,Yes,"2013, 2016, 2017",2,Rubber,3,Large,NA,NA
Edited_for_CEP_try_2.csv,TRUE,2019,1,24,J Johanness,31,FOR to MOS,EPSG:4326,98.97458137,11.5464955,,,,,,,,,,,,,,,,,,,,,,,,,,,,1,Yes,"2013, 2015",2,Rubber,3,Large,NA,NA
Edited_for_CEP_try_2.csv,TRUE,2019,1,24,J Johanness,36,FOR to MOS,EPSG:4326,98.64189031,13.07709,,,,,,,,,,,,,,,,,,,,,,,,,,,,1,Yes,"2013, 2017",2,Rubber,3,Large,NA,NA
Edited_for_CEP_try_2.csv,TRUE,2019,1,24,J Johanness,43,FOR to MOS,EPSG:4326,98.32779437,13.98003161,,,,,,,,,,,,,,,,,,,,,,,,,,,,1,Yes,"2011, 2013, 2014",2,Rubber,3,Large,NA,NA
Edited_for_CEP_try_2.csv,TRUE,2019,1,25,J Johanness,57,FOR to MOS,EPSG:4326,98.73038934,12.98290164,,,,,,,,,,,,,,,,,,,,,,,,,,,,1,Yes,"2013, 2016, 2017",2,Rubber,3,Large,NA,NA
Edited_for_CEP_try_2.csv,TRUE,2019,1,25,J Johanness,59,FOR to MOS,EPSG:4326,98.56090719,10.16129334,,,,,,,,,,,,,,,,,,,,,,,,,,,,1,Yes,"2012, 2014, 2017",2,Rubber,3,Large,NA,NA
Edited_for_CEP_try_2.csv,TRUE,2019,1,25,J Johanness,69,FOR to MOS,EPSG:4326,98.60402632,10.29065074,,,,,,,,,,,,,,,,,,,1,Yes,2005,3,Oil palm,2,Medium,NA,NA,1,Yes,"2012, 2015, 2017",2,Rubber,3,Large,and OPM,NA
Edited_for_CEP_try_2.csv,TRUE,2019,1,25,J Johanness,78,FOR to MOS,EPSG:4326,98.81962199,11.33224731,,,,,,,,,,,,,,,,,,,,,,,,,,,,1,Yes,"2014, 2015, 2017",2,Rubber,3,Large,NA,NA
Edited_for_CEP_try_2.csv,TRUE,2019,1,25,J Johanness,81,FOR to MOS,EPSG:4326,98.75292208,12.62245264,,,,,,,,,,,,,,,,,,,,,,,,,,,,1,Yes,"2012, 2016",2,Rubber,3,Large,NA,NA
Edited_for_CEP_try_2.csv,TRUE,2019,1,25,J Johanness,88,FOR to MOS,EPSG:4326,98.73877361,12.44930236,,,,,,,,,,,,,,,,,,,,,,,,,,,,1,Yes,"2013, 2015, 2016",2,Rubber,3,Large,NA,NA
Edited_for_CEP_try_2.csv,TRUE,2019,1,25,J Johanness,109,FOR to MOS,EPSG:4326,98.96925007,11.50642283,,,,,,,,,,,,,,,,,,,,,,,,,,,,1,Yes,2015,2,Rubber,3,Large,"Main RBR, foll by RPD",NA
Edited_for_CEP_try_2.csv,TRUE,2019,1,25,J Johanness,120,FOR to MOS,EPSG:4326,98.72260394,12.74035652,,,,,,,,,,,,,,,,,,,,,,,,,,,,1,Yes,"2014, 2016",2,Rubber,3,Large,NA,NA
Edited_for_CEP_try_2.csv,TRUE,2019,1,25,J Johanness,121,FOR to MOS,EPSG:4326,98.55821224,10.04136825,,,,,,,,,,,,,,,,,,,1,Yes,2005,2,Rubber,1,Small,NA,NA,1,Yes,"2014, 2017, 2018",2,Rubber,3,Large,NA,NA
Edited_for_CEP_try_2.csv,TRUE,2019,1,25,J Johanness,127,FOR to MOS,EPSG:4326,98.27793787,13.90726807,,,,,,,,,,,,,,,,,,,,,,,,,,,,1,Yes,"2011, 2017",2,Rubber,3,Large,NA,NA
Edited_for_CEP_try_2.csv,TRUE,2019,1,25,J Johanness,132,FOR to MOS,EPSG:4326,99.02713282,11.51011374,,,,,,,,,,,,,,,,,,,,,,,,,,,,1,Yes,2017,2,Rubber,3,Large,NA,NA
Edited_for_CEP_try_2.csv,TRUE,2019,1,25,J Johanness,133,FOR to MOS,EPSG:4326,99.31549202,11.41174821,,,,,,,,,,,,,,,,,,,,,,,,,,,,1,Yes,"2014, 2017",2,Rubber,3,Large,NA,NA
Edited_for_CEP_try_2.csv,TRUE,2019,1,25,J Johanness,138,FOR to MOS,EPSG:4326,98.75494329,11.20693233,,,,,,,,,,,,,,,,,,,,,,,,,,,,1,Yes,2015,2,Rubber,3,Large,NA,NA
Edited_for_CEP_try_2.csv,TRUE,2019,1,25,J Johanness,142,FOR to MOS,EPSG:4326,99.09720141,12.19462998,,,,,,,,,,,,,,,,,,,,,,,,,,,,1,Yes,"2014, 2015, 2016",2,Rubber,3,Large,RPD too,NA
Edited_for_CEP_try_2.csv,TRUE,2019,1,25,J Johanness,149,FOR to MOS,EPSG:4326,98.27591666,14.09052439,,,,,,,,,,,,,,,,,,,1,Yes,2006,2,Rubber,1,Small,NA,NA,1,Yes,"2013, 2014, 2015, 2016",2,Rubber,3,Large,NA,NA
Edited_for_CEP_try_2.csv,TRUE,2019,1,24,J Johanness,9,FOR to MOS,EPSG:4326,98.68846796,12.40977649,,,,,,,,,,,,,,,,,,,1,Yes,2007,7,Mixed,4,NA,RBR outskirts,NA,,,"2013, 2014, 2015",2,Rubber,3,Large,NA,NA
Edited_for_CEP_try_2.csv,TRUE,2019,1,24,J Johanness,12,FOR to MOS,EPSG:4326,98.50357834,13.34181943,,,,,,,,,,,,,,,,,,,1,Yes,2002,4,Rice paddy,,,"RPD mainly, but also OPM",NA,1,Yes,2015,4,Rice paddy,1,Small,"RPD, and to a smaller extent OPM",NA
Edited_for_CEP_try_2.csv,TRUE,2019,1,25,J Johanness,62,FOR to MOS,EPSG:4326,98.80992018,12.15124135,,,,,,,,,,,,,,,,,,,,,,,,,,,,1,Yes,"2013, 2014",4,Rice paddy,1,Small,NA,NA
Edited_for_CEP_try_2.csv,TRUE,2019,1,25,J Johanness,64,FOR to MOS,EPSG:4326,98.69565448,11.80521031,,,,,,,,,,,,,,,,,,,,,,,,,,,,1,Yes,2012,4,Rice paddy,1,Small,NA,NA
Edited_for_CEP_try_2.csv,TRUE,2019,1,25,J Johanness,77,FOR to MOS,EPSG:4326,98.69834942,12.93439262,,,,,,,,,,,,,,,,,,,,,,,,,,,,1,Yes,"2013, 2016, 2017",4,Rice paddy,1,Small,RBR small too,NA
Edited_for_CEP_try_2.csv,TRUE,2019,1,25,J Johanness,123,FOR to MOS,EPSG:4326,99.06037048,12.31096181,,,,,,,,,,,,,,,,,,,,,,,,,,,,1,Yes,"2014, 2016",4,Rice paddy,1,Small,NA,NA
Edited_for_CEP_try_2.csv,TRUE,2019,1,25,J Johanness,134,FOR to MOS,EPSG:4326,98.75494329,12.23640164,,,,,,,,,,,,,,,,,,,,,,,,,,,,1,Yes,"2013, 2016, 2017",4,Rice paddy,1,Small,Mainly FOR,NA
Edited_for_CEP_try_2.csv,TRUE,2019,1,25,J Johanness,52,FOR to MOS,EPSG:4326,98.61884852,13.22544677,,,,,,,,,,,,,,,,,,,,,,,,,,,,1,Yes,"2013, 2014, 2016",4,Rice paddy,4,NA,NA,NA
Edited_for_CEP_try_2.csv,TRUE,2019,1,24,J Johanness,10,FOR to MOS,EPSG:4326,99.13358318,12.19597745,,,,,,,,,,,,,,,,,,,,,,,,,,,,1,Yes,"2014, 2014",4,Rice paddy,2,Medium,Logging also observed,NA
Edited_for_CEP_try_2.csv,TRUE,2019,1,25,J Johanness,80,FOR to MOS,EPSG:4326,99.13523009,12.29628933,,,,,,,,,,,,,,,,,,,,,,,,,,,,1,Yes,"2014, 2015, 2016",4,Rice paddy,2,Medium,RBR small,NA
Edited_for_CEP_try_2.csv,TRUE,2019,1,25,J Johanness,84,FOR to MOS,EPSG:4326,98.89508047,12.21484208,,,,,,,,,,,,,,,,,,,,,,,,,,,,1,Yes,"2013, 2016",4,Rice paddy,2,Medium,"and RBR, med",NA
Edited_for_CEP_try_2.csv,TRUE,2019,1,25,J Johanness,112,FOR to MOS,EPSG:4326,98.893733,12.20675724,,,,,,,,,,,,,,,,,,,,,,,,,,,,1,Yes,"2014, 2016, 2018",4,Rice paddy,2,Medium,NA,NA
Edited_for_CEP_try_2.csv,TRUE,2019,1,25,J Johanness,147,FOR to MOS,EPSG:4326,98.80075737,12.41696301,,,,,,,,,,,,,,,,,,,,,,,,,,,,1,Yes,"2012, 2013, 2014",4,Rice paddy,2,Medium,NA,NA
Edited_for_CEP_try_2.csv,TRUE,2019,1,25,J Johanness,105,FOR to MOS,EPSG:4326,99.09450646,12.42235291,,,,,,,,,,,,,,,,,,,,,,,,,,,,1,Yes,"2012, 2014, 2015, 2016",4,Rice paddy,3,Large,"Main RPD, foll by RBR",NA
Edited_for_CEP_try_2.csv,TRUE,2019,1,25,J Johanness,145,FOR to MOS,EPSG:4326,98.60402632,13.18008185,,,,,,,,,,,,,,,,,,,,,,,,,,,,1,Yes,2015,4,Rice paddy,3,Large,NA,NA
Edited_for_CEP_try_2.csv,TRUE,2019,1,25,J Johanness,68,FOR to MOS,EPSG:4326,98.67409491,10.81616518,,,,,,,,,,,,,,,,,,,,,,,,,,,,1,Yes,"2015, 2017",3,Oil palm,1,Small,NA,NA
Edited_for_CEP_try_2.csv,TRUE,2019,1,24,J Johanness,40,FOR to MOS,EPSG:4326,98.6746339,10.49546662,,,,,,,,,,,,,,,,,,,1,Yes,2005,5,Forest,4,NA,NA,NA,1,Yes,"2016, 2018",3,Oil palm,3,Large,NA,NA
Edited_for_CEP_try_2.csv,TRUE,2019,1,25,J Johanness,107,FOR to MOS,EPSG:4326,98.67409491,10.68950272,,,,,,,,,,,,,,,,,,,1,Yes,2005,5,Forest,4,NA,NA,NA,1,Yes,"2017, 2018",3,Oil palm,3,Large,NA,NA
Edited_for_CEP_try_2.csv,TRUE,2019,1,25,J Johanness,114,FOR to MOS,EPSG:4326,98.68667133,10.64997685,,,,,,,,,,,,,,,,,,,,,,,,,,,,1,Yes,"2016, 2017, 2018",3,Oil palm,3,Large,NA,NA
Edited_for_CEP_try_2.csv,TRUE,2019,1,25,J Johanness,116,FOR to MOS,EPSG:4326,98.54204256,10.14108124,,,,,,,,,,,,,,,,,,,,,,,,,,,,1,Yes,"2012, 2014, 2017",3,Oil palm,3,Large,NA,NA
Edited_for_CEP_try_2.csv,TRUE,2019,1,24,J Johanness,2,FOR to MOS,EPSG:4326,98.95032686,12.33341969,,,,,,,,,,,,,,,,,,,,,,,,,,,,1,Yes,"2013, 2014, 2016",7,Mixed,4,NA,NA,NA
Edited_for_CEP_try_2.csv,TRUE,2019,1,24,J Johanness,3,FOR to MOS,EPSG:4326,98.45310935,13.73209659,,,,,,,,,,,,,,,,,,,,,,,,,,,,1,Yes,2015,7,Mixed,4,NA,NA,NA
Edited_for_CEP_try_2.csv,TRUE,2019,1,24,J Johanness,4,FOR to MOS,EPSG:4326,98.94493697,12.7807807,,,,,,,,,,,,,,,,,,,,,,,,,,,,1,Yes,"2014, 2016",7,Mixed,4,NA,NA,NA
Edited_for_CEP_try_2.csv,TRUE,2019,1,24,J Johanness,6,FOR to MOS,EPSG:4326,98.21325917,14.87475363,,,,,,,,,,,,,,,,,,,,,,,,,,,,1,Yes,"2013, 2014, 2016",7,Mixed,4,NA,Nat veg,NA
Edited_for_CEP_try_2.csv,TRUE,2019,1,24,J Johanness,13,FOR to MOS,EPSG:4326,99.20499924,11.95612727,,,,,,,,,,,,,,,,,,,,,,,,,,,,1,Yes,2014,7,Mixed,4,NA,NA,NA
Edited_for_CEP_try_2.csv,TRUE,2019,1,24,J Johanness,16,FOR to MOS,EPSG:4326,98.74331247,12.72560523,,,,,,,,,,,,,,,,,,,,,,,,,,,,1,Yes,"2013, 2014",7,Mixed,4,NA,NA,NA
Edited_for_CEP_try_2.csv,TRUE,2019,1,24,J Johanness,17,FOR to MOS,EPSG:4326,98.57168697,14.08782944,,,,,,,,,,,,,,,,,,,,,,,,,,,,1,Yes,2011,7,Mixed,4,NA,NA,NA
Edited_for_CEP_try_2.csv,TRUE,2019,1,24,J Johanness,19,FOR to MOS,EPSG:4326,98.77704184,11.12177204,,,,,,,,,,,,,,,,,,,,,,,,,,,,1,Yes,2009,7,Mixed,4,NA,NA,NA
Edited_for_CEP_try_2.csv,TRUE,2019,1,24,J Johanness,25,FOR to MOS,EPSG:4326,98.46119419,14.16867782,,,,,,,,,,,,,,,,,,,,,,,,,,,,1,Yes,"2013, 2014, 2015",7,Mixed,4,NA,NA,NA
Edited_for_CEP_try_2.csv,TRUE,2019,1,24,J Johanness,26,FOR to MOS,EPSG:4326,98.01955994,14.44053048,,,,,,,,,,,,,,,,,,,,,,,,,,,,1,Yes,2014,7,Mixed,4,NA,NA,NA
Edited_for_CEP_try_2.csv,TRUE,2019,1,24,J Johanness,27,FOR to MOS,EPSG:4326,98.47197397,10.6706381,,,,,,,,,,,,,,,,,,,,,,,,,,,,1,Yes,2014,7,Mixed,4,NA,NA,NA
Edited_for_CEP_try_2.csv,TRUE,2019,1,24,J Johanness,30,FOR to MOS,EPSG:4326,98.88969058,12.00733125,,,,,,,,,,,,,,,,,,,,,,,,,,,,1,Yes,"2013, 2014",7,Mixed,4,NA,NA,NA
Edited_for_CEP_try_2.csv,TRUE,2019,1,24,J Johanness,32,FOR to MOS,EPSG:4326,98.08390177,14.01237096,,,,,,,,,,,,,,,,,,,1,Yes,2005,7,Mixed,3,Large,NA,NA,1,Yes,"2013, 2014, 2015",7,Mixed,4,NA,NA,NA
Edited_for_CEP_try_2.csv,TRUE,2019,1,24,J Johanness,34,FOR to MOS,EPSG:4326,99.13493065,12.25930868,,,,,,,,,,,,,,,,,,,,,,,,,,,,1,Yes,"2012, 2014, 2018",7,Mixed,4,NA,NA,NA
Edited_for_CEP_try_2.csv,TRUE,2019,1,24,J Johanness,35,FOR to MOS,EPSG:4326,99.14571044,13.74961374,,,,,,,,,,,,,,,,,,,,,,,,,,,,1,Yes,"2013, 2014, 2015, 2017",7,Mixed,4,NA,NA,NA
Edited_for_CEP_try_2.csv,TRUE,2019,1,24,J Johanness,38,FOR to MOS,EPSG:4326,98.5501274,13.562315,,,,,,,,,,,,,,,,,,,,,,,,,,,,1,Yes,"2012, 2013, 2015",7,Mixed,4,NA,NA,NA
Edited_for_CEP_try_2.csv,TRUE,2019,1,24,J Johanness,39,FOR to MOS,EPSG:4326,99.17265989,11.95073738,,,,,,,,,,,,,,,,,,,,,,,,,,,,1,Yes,2014,7,Mixed,4,NA,NA,NA
Edited_for_CEP_try_2.csv,TRUE,2019,1,24,J Johanness,41,FOR to MOS,EPSG:4326,99.03656513,12.39001356,,,,,,,,,,,,,,,,,,,,,,,,,,,,1,Yes,"2013, 2014, 2016",7,Mixed,4,NA,NA,NA
Edited_for_CEP_try_2.csv,TRUE,2019,1,24,J Johanness,42,FOR to MOS,EPSG:4326,98.79267253,12.82389984,,,,,,,,,,,,,,,,,,,,,,,,,,,,1,Yes,2012,7,Mixed,4,NA,NA,NA
Edited_for_CEP_try_2.csv,TRUE,2019,1,24,J Johanness,44,FOR to MOS,EPSG:4326,99.1376256,13.30629515,,,,,,,,,,,,,,,,,,,,,,,,,,,,1,Yes,2016,7,Mixed,4,NA,NA,NA
Edited_for_CEP_try_2.csv,TRUE,2019,1,24,J Johanness,45,FOR to MOS,EPSG:4326,98.04078264,14.3937058,,,,,,,,,,,,,,,,,,,,,,,,,,,,1,Yes,2014,7,Mixed,4,NA,NA,NA
Edited_for_CEP_try_2.csv,TRUE,2019,1,25,J Johanness,48,FOR to MOS,EPSG:4326,98.20113191,14.68071753,,,,,,,,,,,,,,,,,,,,,,,,,,,,1,Yes,"2014, 2016, 2017",7,Mixed,4,NA,NA,NA
Edited_for_CEP_try_2.csv,TRUE,2019,1,25,J Johanness,49,FOR to MOS,EPSG:4326,99.38556062,11.85641428,,,,,,,,,,,,,,,,,,,,,,,,,,,,1,Yes,2015,7,Mixed,4,NA,NA,NA
Edited_for_CEP_try_2.csv,TRUE,2019,1,25,J Johanness,58,FOR to MOS,EPSG:4326,99.02803113,11.99744978,,,,,,,,,,,,,,,,,,,,,,,,,,,,1,Yes,2012,7,Mixed,4,NA,NA,NA
Edited_for_CEP_try_2.csv,TRUE,2019,1,25,J Johanness,60,FOR to MOS,EPSG:4326,99.03521766,13.26654469,,,,,,,,,,,,,,,,,,,,,,,,,,,,1,Yes,2016,7,Mixed,4,NA,NA,NA
Edited_for_CEP_try_2.csv,TRUE,2019,1,25,J Johanness,65,FOR to MOS,EPSG:4326,99.2319487,12.00194135,,,,,,,,,,,,,,,,,,,,,,,,,,,,1,Yes,2014,7,Mixed,4,NA,NA,NA
Edited_for_CEP_try_2.csv,TRUE,2019,1,25,J Johanness,66,FOR to MOS,EPSG:4326,98.61750105,13.92209027,,,,,,,,,,,,,,,,,,,,,,,,,,,,1,Yes,"2011, 2013",7,Mixed,4,NA,NA,NA
Edited_for_CEP_try_2.csv,TRUE,2019,1,25,J Johanness,67,FOR to MOS,EPSG:4326,98.56899202,13.36019406,,,,,,,,,,,,,,,,,,,,,,,,,,,,1,Yes,"2011, 2013, 2013, 2015",7,Mixed,4,NA,NA,NA
Edited_for_CEP_try_2.csv,TRUE,2019,1,25,J Johanness,75,FOR to MOS,EPSG:4326,98.6350182,13.84258937,,,,,,,,,,,,,,,,,,,,,,,,,,,,1,Yes,"2011, 2013, 2013",7,Mixed,4,NA,NA,NA
Edited_for_CEP_try_2.csv,TRUE,2019,1,25,J Johanness,82,FOR to MOS,EPSG:4326,98.91125015,12.69723738,,,,,,,,,,,,,,,,,,,,,,,,,,,,1,Yes,"2013, 2014, 2016",7,Mixed,4,NA,NA,NA
Edited_for_CEP_try_2.csv,TRUE,2019,1,25,J Johanness,83,FOR to MOS,EPSG:4326,99.12415087,13.71637607,,,,,,,,,,,,,,,,,,,,,,,,,,,,1,Yes,"2013, 2014, 2016, 2017",7,Mixed,4,NA,NA,NA
Edited_for_CEP_try_2.csv,TRUE,2019,1,25,J Johanness,85,FOR to MOS,EPSG:4326,98.57438191,13.35480417,,,,,,,,,,,,,,,,,,,,,,,,,,,,1,Yes,2013,7,Mixed,4,NA,NA,NA
Edited_for_CEP_try_2.csv,TRUE,2019,1,25,J Johanness,87,FOR to MOS,EPSG:4326,98.63411988,13.35031259,,,,,,,,,,,,,,,,,,,,,,,,,,,,1,Yes,"2013, 2013",7,Mixed,4,NA,"Mixed nat veg, BRG, GRS. no plantation",NA
Edited_for_CEP_try_2.csv,TRUE,2019,1,25,J Johanness,90,FOR to MOS,EPSG:4326,99.02174293,13.4033132,,,,,,,,,,,,,,,,,,,,,,,,,,,,1,Yes,"2013, 2014, 2015, 2017",7,Mixed,4,NA,NA,NA
Edited_for_CEP_try_2.csv,TRUE,2019,1,25,J Johanness,91,FOR to MOS,EPSG:4326,99.07564184,12.48433666,,,,,,,,,,,,,,,,,,,,,,,,,,,,1,Yes,"2014, 2015, 2016",7,Mixed,4,NA,NA,NA
Edited_for_CEP_try_2.csv,TRUE,2019,1,25,J Johanness,92,FOR to MOS,EPSG:4326,98.09063913,14.89227078,,,,,,,,,,,,,,,,,,,1,Yes,2002,7,Mixed,4,NA,NA,NA,1,Yes,2014,7,Mixed,4,NA,NA,NA
Edited_for_CEP_try_2.csv,TRUE,2019,1,25,J Johanness,94,FOR to MOS,EPSG:4326,98.91933498,14.03258305,,,,,,,,,,,,,,,,,,,,,,,,,,,,1,Yes,"2013, 2016, 2016",7,Mixed,4,NA,NA,NA
Edited_for_CEP_try_2.csv,TRUE,2019,1,25,J Johanness,95,FOR to MOS,EPSG:4326,98.16475015,14.93673739,,,,,,,,,,,,,,,,,,,1,Yes,2002,7,Mixed,4,NA,NA,NA,1,Yes,"2013, 2017",7,Mixed,4,NA,NA,NA
Edited_for_CEP_try_2.csv,TRUE,2019,1,25,J Johanness,98,FOR to MOS,EPSG:4326,98.88706473,14.09366849,,,,,,,,,,,,,,,,,,,,,,,,,,,,1,Yes,"2014, 2016",7,Mixed,4,NA,NA,NA
Edited_for_CEP_try_2.csv,TRUE,2019,1,25,J Johanness,99,FOR to MOS,EPSG:4326,98.6320123,13.88031861,,,,,,,,,,,,,,,,,,,,,,,,,,,,1,Yes,"2013, 2016",7,Mixed,4,NA,NA,NA
Edited_for_CEP_try_2.csv,TRUE,2019,1,25,J Johanness,101,FOR to MOS,EPSG:4326,98.89418216,11.99475483,,,,,,,,,,,,,,,,,,,,,,,,,,,,1,Yes,"2013, 2013",7,Mixed,4,NA,NA,NA
Edited_for_CEP_try_2.csv,TRUE,2019,1,25,J Johanness,103,FOR to MOS,EPSG:4326,98.32914184,14.22796663,,,,,,,,,,,,,,,,,,,,,,,,,,,,1,Yes,"2013, 2014, 2015",7,Mixed,4,NA,NA,NA
Edited_for_CEP_try_2.csv,TRUE,2019,1,25,J Johanness,104,FOR to MOS,EPSG:4326,98.520483,13.34941428,,,,,,,,,,,,,,,,,,,,,,,,,,,,1,Yes,"2012, 2015",7,Mixed,4,NA,NA,NA
Edited_for_CEP_try_2.csv,TRUE,2019,1,25,J Johanness,106,FOR to MOS,EPSG:4326,98.53126278,14.13094858,,,,,,,,,,,,,,,,,,,,,,,,,,,,1,Yes,2016,7,Mixed,4,NA,NA,NA
Edited_for_CEP_try_2.csv,TRUE,2019,1,25,J Johanness,111,FOR to MOS,EPSG:4326,98.78189275,11.223102,,,,,,,,,,,,,,,,,,,,,,,,,,,,1,Yes,2015,7,Mixed,4,NA,NA,NA
Edited_for_CEP_try_2.csv,TRUE,2019,1,25,J Johanness,117,FOR to MOS,EPSG:4326,98.9381996,12.6864576,,,,,,,,,,,,,,,,,,,,,,,,,,,,1,Yes,"2014, 2016",7,Mixed,4,NA,NA,NA
Edited_for_CEP_try_2.csv,TRUE,2019,1,25,J Johanness,119,FOR to MOS,EPSG:4326,99.06037048,11.40995158,,,,,,,,,,,,,,,,,,,,,,,,,,,,1,Yes,2017,7,Mixed,4,NA,NA,NA
Edited_for_CEP_try_2.csv,TRUE,2019,1,25,J Johanness,122,FOR to MOS,EPSG:4326,98.0973765,13.93691248,,,,,,,,,,,,,,,,,,,1,Yes,2005,7,Mixed,4,NA,NA,NA,1,Yes,2016,7,Mixed,4,NA,NA,NA
Edited_for_CEP_try_2.csv,TRUE,2019,1,25,J Johanness,124,FOR to MOS,EPSG:4326,98.6148061,13.93960742,,,,,,,,,,,,,,,,,,,,,,,,,,,,1,Yes,"2013, 2013",7,Mixed,4,NA,NA,NA
Edited_for_CEP_try_2.csv,TRUE,2019,1,25,J Johanness,128,FOR to MOS,EPSG:4326,98.69295953,10.79460561,,,,,,,,,,,,,,,,,,,,,,,,,,,,1,Yes,2016,7,Mixed,4,NA,NA,NA
Edited_for_CEP_try_2.csv,TRUE,2019,1,25,J Johanness,129,FOR to MOS,EPSG:4326,98.86603494,11.44708195,,,,,,,,,,,,,,,,,,,,,,,,,,,,1,Yes,"2014, 2015",7,Mixed,4,NA,NA,NA
Edited_for_CEP_try_2.csv,TRUE,2019,1,25,J Johanness,136,FOR to MOS,EPSG:4326,98.29539085,14.46294024,,,,,,,,,,,,,,,,,,,,,,,,,,,,1,Yes,"2013, 2014, 2016",7,Mixed,4,NA,NA,NA
Edited_for_CEP_try_2.csv,TRUE,2019,1,25,J Johanness,148,FOR to MOS,EPSG:4326,98.15936025,14.88822836,,,,,,,,,,,,,,,,,,,,,,,,,,,,1,Yes,"2013, 2014, 2017",7,Mixed,4,NA,NA,NA
Edited_for_CEP_try_2.csv,TRUE,2019,1,25,J Johanness,150,FOR to MOS,EPSG:4326,98.61884852,13.38175363,,,,,,,,,,,,,,,,,,,,,,,,,,,,1,Yes,2013,7,Mixed,4,NA,NA,NA
Edited_for_CEP_try_2.csv,TRUE,2019,1,25,J Johanness,55,FOR to MOS,EPSG:4326,98.83040177,12.76191608,,,,,,,,,,,,,,,,,,,,,,,,,,,,1,Yes,2012,7,Mixed,,,NA,NA
Edited_for_CEP_try_2.csv,TRUE,2019,1,25,J Johanness,79,FOR to MOS,EPSG:4326,99.06755701,12.44660742,,,,,,,,,,,,,,,,,,,,,,,,,,,,1,Yes,"2014, 2016",7,Mixed,,,NA,NA
Edited_for_CEP_try_2.csv,TRUE,2019,1,25,J Johanness,137,FOR to MOS,EPSG:4326,99.43676459,11.84698197,,,,,,,,,,,,,,,,,,,,,,,,,,,,1,Yes,"2013, 2013, 2015",1,Logging,1,Small,"Initially all FOR, in 2015, logging.",NA
Edited_for_CEP_try_2.csv,TRUE,2019,1,25,J Johanness,51,FOR to MOS,EPSG:4326,99.4196966,11.85551596,,,,,,,,,,,,,,,,,,,1,Yes,2003,5,Forest,4,NA,NA,NA,1,Yes,"2013, 2014, 2015",1,Logging,2,Medium,NA,NA
Edited_for_CEP_try_2.csv,TRUE,2019,1,25,J Johanness,63,FOR to MOS,EPSG:4326,98.94089455,12.89666338,,,,,,,,,,,,,,,,,,,,,,,,,,,,1,Yes,2014,1,Logging,2,Medium,NA,NA
Edited_for_CEP_try_2.csv,TRUE,2019,1,25,J Johanness,113,FOR to MOS,EPSG:4326,98.89979663,11.41174821,,,,,,,,,,,,,,,,,,,,,,,,,,,,1,Yes,2014,1,Logging,3,Large,"Mainly OPM, then logging",NA
Edited_for_CEP_try_2.csv,TRUE,2019,1,24,J Johanness,1,FOR to MOS,EPSG:4326,98.96604738,12.47176025,,,,,,,,,,,,,,,,,,,,,,,,,,,,1,Yes,"2013, 2014, 2016",5,Forest,4,NA,NA,NA
Edited_for_CEP_try_2.csv,TRUE,2019,1,25,J Johanness,28,FOR to MOS,EPSG:4326,98.44637199,14.22257674,,,,,,,,,,,,,,,,,,,,,,,,,,,,1,Yes,"2013, 2014",5,Forest,4,NA,NA,NA
Edited_for_CEP_try_2.csv,TRUE,2019,1,24,J Johanness,29,FOR to MOS,EPSG:4326,98.97862379,12.50050634,,,,,,,,,,,,,,,,,,,,,,,,,,,,1,Yes,"2013, 2014, 2016",5,Forest,4,NA,NA,NA
Edited_for_CEP_try_2.csv,TRUE,2019,1,25,J Johanness,56,FOR to MOS,EPSG:4326,98.83174924,12.02619587,,,,,,,,,,,,,,,,,,,,,,,,,,,,1,Yes,2013,5,Forest,4,NA,NA,NA
Edited_for_CEP_try_2.csv,TRUE,2019,1,25,J Johanness,74,FOR to MOS,EPSG:4326,98.64579798,10.85928431,,,,,,,,,,,,,,,,,,,,,,,,,,,,1,Yes,2018,5,Forest,4,NA,NA,NA
Edited_for_CEP_try_2.csv,TRUE,2019,1,25,J Johanness,86,FOR to MOS,EPSG:4326,98.66331513,13.06644497,,,,,,,,,,,,,,,,,,,,,,,,,,,,1,Yes,"2013, 2016",5,Forest,4,NA,NA,NA
Edited_for_CEP_try_2.csv,TRUE,2019,1,25,J Johanness,108,FOR to MOS,EPSG:4326,99.55264726,11.85102439,,,,,,,,,,,,,,,,,,,,,,,,,,,,1,Yes,"2013, 2015",5,Forest,4,NA,NA,NA
Edited_for_CEP_try_2.csv,TRUE,2019,1,25,J Johanness,115,FOR to MOS,EPSG:4326,98.7495534,11.79712547,,,,,,,,,,,,,,,,,,,,,,,,,,,,1,Yes,"2012, 2013",5,Forest,4,NA,NA,NA
Edited_for_CEP_try_2.csv,TRUE,2019,1,25,J Johanness,126,FOR to MOS,EPSG:4326,98.82770682,11.98846662,,,,,,,,,,,,,,,,,,,,,,,,,,,,1,Yes,"2012, 2013",5,Forest,4,NA,NA,NA
Edited_for_CEP_try_2.csv,TRUE,2019,1,25,J Johanness,139,FOR to MOS,EPSG:4326,98.83309672,11.98577168,,,,,,,,,,,,,,,,,,,,,,,,,,,,1,Yes,"2012, 2013",5,Forest,4,NA,NA,NA
Edited_for_CEP_try_2.csv,TRUE,2019,1,25,J Johanness,141,FOR to MOS,EPSG:4326,98.79806242,12.66489803,,,,,,,,,,,,,,,,,,,,,,,,,,,,1,Yes,"2012, 2013",5,Forest,4,NA,NA,NA
Edited_for_CEP_try_2.csv,TRUE,2019,1,24,J Johanness,8,FOR to MOS,EPSG:4326,99.50144329,11.85910922,,,,,,,,,,,,,,,,,,,1,Yes,2003,5,Forest,4,NA,NA,,,,"2013, 2015",5,Forest,4,NA,NA,NA
Edited_for_CEP_try_2.csv,TRUE,2019,1,25,J Johanness,18,FOR to MOS,EPSG:4326,98.14049563,13.77117331,,,,,,,,,,,,,,,,,,,1,Yes,2005,5,Forest,4,NA,NA,NA,,,"2011, 2016",5,Forest,4,NA,NA,NA
Edited_for_CEP_try_2.csv,TRUE,2019,1,25,J Johanness,76,FOR to MOS,EPSG:4326,99.01275977,13.68807914,,,,,,,,,,,,,,,,,,,,,,,,,,,,1,Yes,"2013, 2014, 2016, 2017",5,Forest,,,NA,NA
Edited_for_CEP_try_2.csv,TRUE,2019,1,25,J Johanness,72,FOR to MOS,EPSG:4326,97.96262921,14.66454786,,,,,,,,,,,,,,,,,,,,,,,,,,,,1,Yes,"2014, 2016",8,Built up area,2,Medium,NA,NA
Edited_for_CEP_try_2.csv,TRUE,2019,1,24,J Johanness,11,FOR to MOS,EPSG:4326,98.16475015,13.82911464,,,,,,,,,,,,,,,,,,,1,Yes,2005,8,Built up area,3,Large,NA,NA,1,Yes,"2016, 2017",8,Built up area,3,Large,NA,NA
Edited_for_CEP_try_2.csv,TRUE,2019,1,25,J Johanness,102,FOR to MOS,EPSG:4326,98.25907325,13.87897114,,,,,,,,,,,,,,,,,,,,,,,,,,,,1,Yes,"2011, 2017",8,Built up area,3,Large,"RPD small, mainly BUA",NA
Edited_for_CEP_try_2.csv,TRUE,2019,1,25,J Johanness,93,FOR to MOS,EPSG:4326,99.19960935,11.9399576,,,,,,,,,,,,,,,,,,,,,,,,,,,,1,Yes,2014,6,Bare ground,4,NA,NA,NA
Edited_for_CEP_try_2.csv,TRUE,2019,1,24,J Johanness,24,FOR to MOS,EPSG:4326,98.75224834,13.11764894,,,,,,,,,,,,,,,,,,,,,,,,,,,,1,Yes,2017,,,4,NA,NA,NA
Edited_for_CEP_try_2.csv,TRUE,2019,1,24,J Johanness,7,FOR to MOS,EPSG:4326,99.27237289,11.78095579,,,,,,,,,,,,,,,,,,,,,,,,,,,,,,,,,,,,
Edited_for_CEP_try_2.csv,TRUE,2019,1,24,J Johanness,15,FOR to MOS,EPSG:4326,98.91125015,12.07200995,,,,,,,,,,,,,,,,,,,,,,,,,,,,,,,,,,,,
Edited_for_CEP_try_2.csv,TRUE,2019,1,24,J Johanness,20,FOR to MOS,EPSG:4326,99.02982776,11.85641428,,,,,,,,,,,,,,,,,,,,,,,,,,,,,,,,,,,,
Edited_for_CEP_try_2.csv,TRUE,2019,1,24,J Johanness,22,FOR to MOS,EPSG:4326,99.10836017,13.34027673,,,,,,,,,,,,,,,,,,,,,,,,,,,,,,,,,,,,
Edited_for_CEP_try_2.csv,TRUE,2019,1,25,J Johanness,54,FOR to MOS,EPSG:4326,98.96514906,12.02889081,,,,,,,,,,,,,,,,,,,,,,,,,,,,,,,,,,,,
Edited_for_CEP_try_2.csv,TRUE,2019,1,25,J Johanness,61,FOR to MOS,EPSG:4326,99.25620322,11.89683847,,,,,,,,,,,,,,,,,,,,,,,,,,,,,,,,,,,,
Edited_for_CEP_try_2.csv,TRUE,2019,1,25,J Johanness,70,FOR to MOS,EPSG:4326,99.25735819,11.88779115,,,,,,,,,,,,,,,,,,,,,,,,,,,,,,,,,,,,
Edited_for_CEP_try_2.csv,TRUE,2019,1,25,J Johanness,71,FOR to MOS,EPSG:4326,98.54833077,14.21000032,,,,,,,,,,,,,,,,,,,,,,,,,,,,,,,,,,,,
Edited_for_CEP_try_2.csv,TRUE,2019,1,25,J Johanness,96,FOR to MOS,EPSG:4326,98.95436928,11.32955236,,,,,,,,,,,,,,,,,,,,,,,,,,,,,,,,,,,,
Edited_for_CEP_try_2.csv,TRUE,2019,1,25,J Johanness,97,FOR to MOS,EPSG:4326,99.27742591,11.79409365,,,,,,,,,,,,,,,,,,,,,,,,,,,,,,,,,,,,
Edited_for_CEP_try_2.csv,TRUE,2019,1,25,J Johanness,135,FOR to MOS,EPSG:4326,98.6872702,10.80438727,,,,,,,,,,,,,,,,,,,,,,,,,,,,,,,,,,,,
Edited_for_CEP_try_2.csv,TRUE,2019,1,25,J Johanness,144,FOR to MOS,EPSG:4326,99.25350827,11.91570309,,,,,,,,,,,,,,,,,,,,,,,,,,,,,,,,,,,,
Edited_for_CEP_try_2.csv,TRUE,2019,1,23,J Johanness,151,FOR to SHB,EPSG:4326,98.2875199,13.82432363,,,,,,,,,,,,,,,,,,,,,NA,10,NA,4,NA,NA,NA,1,Yes,"2013, 2017",5,Forest,4,NA,NA,NA
Edited_for_CEP_try_2.csv,TRUE,2019,1,23,J Johanness,152,FOR to SHB,EPSG:4326,99.37882325,11.85910922,,,,,,,,,,,,,,,,,,,1,Yes,2003,5,Forest,,,NA,NA,1,Yes,2015,7,Mixed,4,NA,NA,NA
Edited_for_CEP_try_2.csv,TRUE,2019,1,23,J Johanness,153,FOR to SHB,EPSG:4326,98.8009227,12.27465995,,,,,,,,,,,,,,,,,,,2,No,NA,10,NA,4,NA,NA,NA,1,Yes,"2013, 2014",4,Rice paddy,1,Small,"FOR dominated, some RPD, even lesser RBR",
Edited_for_CEP_try_2.csv,TRUE,2019,1,23,J Johanness,154,FOR to SHB,EPSG:4326,99.37478083,11.4171381,,,,,,,,,,,,,,,,,,,1,Yes,2003,5,Forest,4,NA,NA,NA,1,Yes,"2014, 2017",3,Oil palm,1,Small,Looks more like OPM than RBR,NA
Edited_for_CEP_try_2.csv,TRUE,2019,1,23,J Johanness,155,FOR to SHB,EPSG:4326,99.45697668,11.82811735,,,,,,,,,,,,,,,,,,,1,Yes,2003,5,Forest,4,NA,NA,NA,1,Yes,"2013, 2013, 2015",5,Forest,4,NA,NA,NA
Edited_for_CEP_try_2.csv,TRUE,2019,1,23,J Johanness,156,FOR to SHB,EPSG:4326,98.41862186,13.87063243,,,,,,,,,,,,,,,,,,,,,,,,,,,,1,Yes,2015,7,Mixed,4,NA,"Plantations observed, but hard to tell crop type",NA
Edited_for_CEP_try_2.csv,TRUE,2019,1,23,J Johanness,157,FOR to SHB,EPSG:4326,98.02892487,15.08415092,,,,,,,,,,,,,,,,,,,,,,,,,,,,1,Yes,"2013, 2015",,,4,NA,NA,NA
Edited_for_CEP_try_2.csv,TRUE,2019,1,23,J Johanness,158,FOR to SHB,EPSG:4326,98.65523029,10.42809298,,,,,,,,,,,,,,,,,,,1,Yes,2005,7,Mixed,4,NA,Mixed nat veg,Large logging surrounding polygon,,,"2016, 2016, 2017, 2018",7,Mixed,4,NA,Mixed nat veg,Large OPM around polygon
Edited_for_CEP_try_2.csv,TRUE,2019,1,23,J Johanness,159,FOR to SHB,EPSG:4326,98.87783282,14.03770345,,,,,,,,,,,,,,,,,,,1,Yes,2005,7,Mixed,4,NA,NA,NA,1,Yes,2016,5,Forest,,,NA,NA
Edited_for_CEP_try_2.csv,TRUE,2019,1,23,J Johanness,160,FOR to SHB,EPSG:4326,97.88447578,14.93707425,,,,,,,,,,,,,,,,,,,,,,,,,,,,1,Yes,2014,5,Forest,4,NA,NA,NA
Edited_for_CEP_try_2.csv,TRUE,2019,1,23,J Johanness,161,FOR to SHB,EPSG:4326,99.00843663,11.47861656,,,,,,,,,,,,,,,,,,,,,,,,,,,,1,Yes,"2015, 2017",2,Rubber,3,Large,Widespread RBR,More RBR plantations
Edited_for_CEP_try_2.csv,TRUE,2019,1,23,J Johanness,162,FOR to SHB,EPSG:4326,98.42885484,13.99081139,,,,,,,,,,,,,,,,,,,,,,,,,,,,1,Yes,2015,7,Mixed,4,NA,Mixed nat veg,NA
Edited_for_CEP_try_2.csv,TRUE,2019,1,23,J Johanness,163,FOR to SHB,EPSG:4326,98.61265015,13.95523811,,,,,,,,,,,,,,,,,,,,,,,,,,,,1,Yes,2013,7,Mixed,4,NA,NA,NA
Edited_for_CEP_try_2.csv,TRUE,2019,1,23,J Johanness,164,FOR to SHB,EPSG:4326,98.72395141,13.12034388,,,,,,,,,,,,,,,,,,,,,,,,,,,,1,Yes,2013,5,Forest,4,NA,NA,NA
Edited_for_CEP_try_2.csv,TRUE,2019,1,23,J Johanness,165,FOR to SHB,EPSG:4326,98.68114703,13.80070045,,,,,,,,,,,,,,,,,,,,,,,,,,,,1,Yes,2013,2,Rubber,3,Large,Widespread plantation all around,NA
Edited_for_CEP_try_2.csv,TRUE,2019,1,23,J Johanness,166,FOR to SHB,EPSG:4326,99.25755069,11.95208486,,,,,,,,,,,,,,,,,,,,,,,,,,,,,,,,,,,,
Edited_for_CEP_try_2.csv,TRUE,2019,1,23,J Johanness,167,FOR to SHB,EPSG:4326,98.98116021,13.29630799,,,,,,,,,,,,,,,,,,,,,,,,,,,,1,Yes,2014,5,Forest,4,NA,NA,NA
Edited_for_CEP_try_2.csv,TRUE,2019,1,23,J Johanness,168,FOR to SHB,EPSG:4326,99.02713282,11.03176085,,,,,,,,,,,,,,,,,,,,,,,,,,,,,,,,,,,,
Edited_for_CEP_try_2.csv,TRUE,2019,1,23,J Johanness,169,FOR to SHB,EPSG:4326,98.89912289,12.6864576,,,,,,,,,,,,,,,,,,,,,,,,,,,,1,Yes,2016,7,Mixed,,,"Small patch of agriculture, unknown crop type",NA
Edited_for_CEP_try_2.csv,TRUE,2019,1,23,J Johanness,170,FOR to SHB,EPSG:4326,98.79643528,12.74971256,,,,,,,,,,,,,,,,,,,,,,,,,,,,,,2012,2,Rubber,1,Small,Many patches that could be plantations. Only small RBR was observed,
Edited_for_CEP_try_2.csv,TRUE,2019,1,23,J Johanness,171,FOR to SHB,EPSG:4326,98.97862379,11.02502348,,,,,,,,,,,,,,,,,,,,,,,,,,,,,,,,,,,,
Edited_for_CEP_try_2.csv,TRUE,2019,1,23,J Johanness,172,FOR to SHB,EPSG:4326,98.90047036,14.10399912,,,,,,,,,,,,,,,,,,,,,,,,,,,,1,Yes,"2013, 2014, 2016",7,Mixed,4,NA,NA,NA
Edited_for_CEP_try_2.csv,TRUE,2019,1,23,J Johanness,173,FOR to SHB,EPSG:4326,98.86543607,11.3524594,,,,,,,,,,,,,,,,,,,,,,,,,,,,1,Yes,2016,1,Logging,1,Small,NA,NA
Edited_for_CEP_try_2.csv,TRUE,2019,1,23,J Johanness,174,FOR to SHB,EPSG:4326,99.04464997,13.4679919,,,,,,,,,,,,,,,,,,,,,,,,,,,,1,Yes,"2014, 2017",5,Forest,4,NA,NA,NA
Edited_for_CEP_try_2.csv,TRUE,2019,1,23,J Johanness,175,FOR to SHB,EPSG:4326,99.03252271,13.3332446,,,,,,,,,,,,,,,,,,,,,,,,,,,,1,Yes,"2014, 2017",5,Forest,4,NA,NA,NA
Edited_for_CEP_try_2.csv,TRUE,2019,1,23,J Johanness,176,FOR to SHB,EPSG:4326,98.84252903,13.99081139,,,,,,,,,,,,,,,,,,,,,,,,,,,,,,,,,,,,
Edited_for_CEP_try_2.csv,TRUE,2019,1,23,J Johanness,177,FOR to SHB,EPSG:4326,98.16744509,14.93404244,,,,,,,,,,,,,,,,,,,,,,,,,,,,1,Yes,2014,5,Forest,4,NA,NA,NA
Edited_for_CEP_try_2.csv,TRUE,2019,1,23,J Johanness,178,FOR to SHB,EPSG:4326,99.60924112,11.7108872,,,,,,,,,,,,,,,,,,,,,,,,,,,,1,Yes,"2013, 2015, 2017",5,Forest,4,NA,NA,NA
Edited_for_CEP_try_2.csv,TRUE,2019,1,23,J Johanness,179,FOR to SHB,EPSG:4326,98.25368336,14.29534027,,,,,,,,,,,,,,,,,,,,,,,,,,,,,,"2013, 2014, 2015, 2016",2,Rubber,3,Large,RBR all around. Logging observed.,RBR outside too.
Edited_for_CEP_try_2.csv,TRUE,2019,1,23,J Johanness,180,FOR to SHB,EPSG:4326,98.36507445,14.18170339,,,,,,,,,,,,,,,,,,,,,,,,,,,,1,Yes,"2014, 2014",2,Rubber,2,Medium,NA,NA
Edited_for_CEP_try_2.csv,TRUE,2019,1,23,J Johanness,181,FOR to SHB,EPSG:4326,98.31954783,14.19153096,,,,,,,,,,,,,,,,,,,,,,,,,,,,,,"2013, 2014, 2015, 2016",2,Rubber,2,Medium,"Large tracts of RBR, 50-50 with FOR",NA
Edited_for_CEP_try_2.csv,TRUE,2019,1,23,J Johanness,182,FOR to SHB,EPSG:4326,99.06216711,11.65294587,,,,,,,,,,,,,,,,,,,,,,,,,,,,1,Yes,"2013, 2014",7,Mixed,4,NA,NA,NA
Edited_for_CEP_try_2.csv,TRUE,2019,1,23,J Johanness,183,FOR to SHB,EPSG:4326,98.14588552,13.81294497,,,,,,,,,,,,,,,,,,,1,Yes,2005,5,Forest,4,NA,NA,NA,1,Yes,"2016, 2017",,,4,NA,NA,NA
Edited_for_CEP_try_2.csv,TRUE,2019,1,23,J Johanness,184,FOR to SHB,EPSG:4326,98.60402632,10.69219767,,,,,,,,,,,,,,,,,,,1,Yes,2005,5,Forest,,,NA,NA,1,Yes,"2017, 2018",3,Oil palm,3,Large,All OPM,Large tracts of OPM continue outwards
Edited_for_CEP_try_2.csv,TRUE,2019,1,23,J Johanness,185,FOR to SHB,EPSG:4326,99.07025195,11.85371933,,,,,,,,,,,,,,,,,,,,,,,,,,,,1,Yes,2014,2,Rubber,1,Small,Mainly nat veg,NA
Edited_for_CEP_try_2.csv,TRUE,2019,1,23,J Johanness,186,FOR to SHB,EPSG:4326,98.75224834,14.09591428,,,,,,,,,,,,,,,,,,,1,Yes,2005,5,Forest,4,NA,NA,NA,1,Yes,2012,5,Forest,4,NA,NA,NA
Edited_for_CEP_try_2.csv,TRUE,2019,1,23,J Johanness,187,FOR to SHB,EPSG:4326,98.26446314,13.98407403,,,,,,,,,,,,,,,,,,,,,,,,,,,,1,Yes,"2014, 2016, 2016",2,Rubber,2,Medium,RBR expansion over time,NA
Edited_for_CEP_try_2.csv,TRUE,2019,1,23,J Johanness,188,FOR to SHB,EPSG:4326,99.00839653,12.67670446,,,,,,,,,,,,,,,,,,,,,,,,,,,,1,Yes,"2014, 2016",2,Rubber,1,Small,"Very small patches of RBR, mainly nat veg",NA
Edited_for_CEP_try_2.csv,TRUE,2019,1,23,J Johanness,189,FOR to SHB,EPSG:4326,98.97592885,13.28204063,,,,,,,,,,,,,,,,,,,,,,,,,,,,1,Yes,2016,7,Mixed,4,NA,NA,NA
Edited_for_CEP_try_2.csv,TRUE,2019,1,23,J Johanness,190,FOR to SHB,EPSG:4326,98.67409491,11.70010742,,,,,,,,,,,,,,,,,,,,,,,,,,,,1,Yes,2012,2,Rubber,2,Medium,RBR about 50-50 with nat veg,"Much more RBR plantations northwards, southwards and westwards"
Edited_for_CEP_try_2.csv,TRUE,2019,1,23,J Johanness,191,FOR to SHB,EPSG:4326,99.05408228,12.02889081,,,,,,,,,,,,,,,,,,,,,,,,,,,,1,Yes,"2014, 2016",7,Mixed,4,NA,"Nat veg, no agriculture, hard to tell if RPD, but most likely WTR",NA
Edited_for_CEP_try_2.csv,TRUE,2019,1,23,J Johanness,192,FOR to SHB,EPSG:4326,98.99209852,12.12051897,,,,,,,,,,,,,,,,,,,,,,,,,,,,1,Yes,2014,2,Rubber,,,"RBR dominates, foll by RPD",RBR and RPD
Edited_for_CEP_try_2.csv,TRUE,2019,1,23,J Johanness,193,FOR to SHB,EPSG:4326,98.89508047,12.12051897,,,,,,,,,,,,,,,,,,,,,,,,,,,,1,Yes,2013,2,Rubber,2,Medium,NA,Lots of RPD
Edited_for_CEP_try_2.csv,TRUE,2019,1,23,J Johanness,194,FOR to SHB,EPSG:4326,99.01006483,11.41040074,,,,,,,,,,,,,,,,,,,,,,,,,,,,1,Yes,"2015, 2017",2,Rubber,2,Medium,NA,NA
Edited_for_CEP_try_2.csv,TRUE,2019,1,23,J Johanness,195,FOR to SHB,EPSG:4326,98.82231693,12.2983854,,,,,,,,,,,,,,,,,,,,,,,,,,,,1,Yes,"2013, 2014, 2017",4,Rice paddy,3,Large,NA,RBR and RPD outside
Edited_for_CEP_try_2.csv,TRUE,2019,1,23,J Johanness,196,FOR to SHB,EPSG:4326,98.67409491,13.85471663,,,,,,,,,,,,,,,,,,,,,,,,,,,,1,Yes,"2013, 2013",7,Mixed,4,NA,Nat veg mosaic,NA
Edited_for_CEP_try_2.csv,TRUE,2019,1,23,J Johanness,197,FOR to SHB,EPSG:4326,99.4313747,11.88471121,,,,,,,,,,,,,,,,,,,1,Yes,2003,5,Forest,4,NA,NA,NA,,,"2013, 2014, 2015",,,,,"RBR all around, logging too",More RBR
Edited_for_CEP_try_2.csv,TRUE,2019,1,23,J Johanness,198,FOR to SHB,EPSG:4326,98.38034581,14.64298829,,,,,,,,,,,,,,,,,,,2,No,2002,7,Mixed,4,NA,NA,NA,1,Yes,"2013, 2014, 2016",7,Mixed,4,NA,NA,NA
Edited_for_CEP_try_2.csv,TRUE,2019,1,23,J Johanness,199,FOR to SHB,EPSG:4326,97.98957866,14.71305688,,,,,,,,,,,,,,,,,,,,,,,,,,,,1,Yes,"2014, 2016",2,Rubber,2,Medium,NA,NA
Edited_for_CEP_try_2.csv,TRUE,2019,1,23,J Johanness,200,FOR to SHB,EPSG:4326,98.60941621,14.21718684,,,,,,,,,,,,,,,,,,,,,,,,,,,,,,,,,,,,
Edited_for_CEP_try_2.csv,TRUE,2019,1,23,J Johanness,201,FOR to SHB,EPSG:4326,99.24811838,11.82340119,,,,,,,,,,,,,,,,,,,,,,,,,,,,,,,,,,,,
Edited_for_CEP_try_2.csv,TRUE,2019,1,23,J Johanness,202,FOR to SHB,EPSG:4326,99.02578534,12.54766789,,,,,,,,,,,,,,,,,,,,,,,,,,,,1,Yes,"2014, 2016",7,Mixed,4,NA,NA,NA
Edited_for_CEP_try_2.csv,TRUE,2019,1,23,J Johanness,203,FOR to SHB,EPSG:4326,98.76009411,13.24359419,,,,,,,,,,,,,,,,,,,,,,,,,,,,1,Yes,2013,7,Mixed,4,NA,"Just mixed nat veg, bare. No sign of plantations",NA
Edited_for_CEP_try_2.csv,TRUE,2019,1,23,J Johanness,204,FOR to SHB,EPSG:4326,98.91125015,12.069315,,,,,,,,,,,,,,,,,,,,,,,,,,,,,,,,,,,,
Edited_for_CEP_try_2.csv,TRUE,2019,1,23,J Johanness,205,FOR to SHB,EPSG:4326,98.08659672,14.33306952,,,,,,,,,,,,,,,,,,,,,,,,,,,,1,Yes,"2013, 2014, 2015",2,Rubber,1,Small,NA,More RBR outside
Edited_for_CEP_try_2.csv,TRUE,2019,1,23,J Johanness,206,FOR to SHB,EPSG:4326,98.93011477,12.73227168,,,,,,,,,,,,,,,,,,,,,,,,,,,,1,Yes,"2014, 2016",7,Mixed,4,NA,NA,RPD outside
Edited_for_CEP_try_2.csv,TRUE,2019,1,23,J Johanness,207,FOR to SHB,EPSG:4326,99.4843753,11.84653281,,,,,,,,,,,,,,,,,,,,,,,,,,,,1,Yes,"2013, 2015",3,Oil palm,3,Large,"Logging earlier on, followed by OPM plantation establishment",Lots of OPM
Edited_for_CEP_try_2.csv,TRUE,2019,1,23,J Johanness,208,FOR to SHB,EPSG:4326,98.76302812,12.8508493,,,,,,,,,,,,,,,,,,,,,,,,,,,,1,Yes,"2013, 2016",7,Mixed,4,NA,NA,NA
Edited_for_CEP_try_2.csv,TRUE,2019,1,23,J Johanness,209,FOR to SHB,EPSG:4326,98.92876729,12.26604605,,,,,,,,,,,,,,,,,,,,,,,,,,,,1,Yes,"2014, 2016",3,Oil palm,1,Small,"Mainly nat veg, but parts of OPM larger plantation inside too",OPM west
Edited_for_CEP_try_2.csv,TRUE,2019,1,23,J Johanness,210,FOR to SHB,EPSG:4326,99.03521766,13.27934569,,,,,,,,,,,,,,,,,,,,,,,,,,,,1,Yes,2016,7,Mixed,4,NA,NA,NA
Edited_for_CEP_try_2.csv,TRUE,2019,1,23,J Johanness,211,FOR to SHB,EPSG:4326,98.21595412,14.4732067,,,,,,,,,,,,,,,,,,,,,,,,,,,,1,Yes,"2014, 2016, 2017",3,Oil palm,2,Medium,"Agr is mainly OPM, then RBR.",NA
Edited_for_CEP_try_2.csv,TRUE,2019,1,23,J Johanness,212,FOR to SHB,EPSG:4326,98.23931031,14.01686254,,,,,,,,,,,,,,,,,,,1,Yes,2005,7,Mixed,4,NA,NA,NA,1,Yes,"2015, 2016",2,Rubber,3,Large,Increasingly extensive over the years. RBR,NA
Edited_for_CEP_try_2.csv,TRUE,2019,1,23,J Johanness,213,FOR to SHB,EPSG:4326,98.10122642,14.55970163,,,,,,,,,,,,,,,,,,,,,,,,,,,,1,Yes,"2014, 2014",2,Rubber,3,Large,NA,NA
Edited_for_CEP_try_2.csv,TRUE,2019,1,23,J Johanness,214,FOR to SHB,EPSG:4326,98.82743733,10.95657186,,,,,,,,,,,,,,,,,,,,,,,,,,,,1,Yes,2016,5,Forest,,,NA,NA
Edited_for_CEP_try_2.csv,TRUE,2019,1,23,J Johanness,215,FOR to SHB,EPSG:4326,98.59324654,10.67872294,,,,,,,,,,,,,,,,,,,1,Yes,2005,5,Forest,4,NA,NA,NA,1,Yes,2017,2,Rubber,3,Large,"Weird contour like roads, but not joining to one another","OPM plantations can be seen northwest. ""RBR"" continues on east."
Edited_for_CEP_try_2.csv,TRUE,2019,1,23,J Johanness,216,FOR to SHB,EPSG:4326,98.7791978,11.01289623,,,,,,,,,,,,,,,,,,,,,,,,,,,,1,Yes,2017,2,Rubber,3,Large,NA,NA
Edited_for_CEP_try_2.csv,TRUE,2019,1,23,J Johanness,217,FOR to SHB,EPSG:4326,99.2007056,12.03549115,,,,,,,,,,,,,,,,,,,,,,,,,,,,1,Yes,2014,2,Rubber,2,Medium,NA,NA
Edited_for_CEP_try_2.csv,TRUE,2019,1,23,J Johanness,218,FOR to SHB,EPSG:4326,98.32914184,14.69958215,,,,,,,,,,,,,,,,,,,1,Yes,2006,7,Mixed,4,NA,NA,NA,1,Yes,"2014, 2015, 2016",7,Mixed,4,NA,NA,NA
Edited_for_CEP_try_2.csv,TRUE,2019,1,23,J Johanness,219,FOR to SHB,EPSG:4326,98.99614094,13.44104244,,,,,,,,,,,,,,,,,,,,,,,,,,,,1,Yes,"2013, 2014",7,Mixed,4,NA,NA,NA
Edited_for_CEP_try_2.csv,TRUE,2019,1,23,J Johanness,220,FOR to SHB,EPSG:4326,99.03252271,12.11243413,,,,,,,,,,,,,,,,,,,,,,,,,,,,1,Yes,"2014, 2016",2,Rubber,3,Large,RBR more extensive than OPM,NA
Edited_for_CEP_try_2.csv,TRUE,2019,1,23,J Johanness,221,FOR to SHB,EPSG:4326,98.54766181,10.38996236,,,,,,,,,,,,,,,,,,,,,,,,,,,,,,,,,,,,
Edited_for_CEP_try_2.csv,TRUE,2019,1,23,J Johanness,222,FOR to SHB,EPSG:4326,98.810598,12.85150262,,,,,,,,,,,,,,,,,,,,,,,,,,,,1,Yes,2013,7,Mixed,4,NA,NA,NA
Edited_for_CEP_try_2.csv,TRUE,2019,1,23,J Johanness,223,FOR to SHB,EPSG:4326,98.61211116,10.50355146,,,,,,,,,,,,,,,,,,,,,,,,,,,,1,Yes,"2012, 2018",3,Oil palm,2,Medium,NA,More OPM
Edited_for_CEP_try_2.csv,TRUE,2019,1,23,J Johanness,224,FOR to SHB,EPSG:4326,98.91627255,11.45290738,,,,,,,,,,,,,,,,,,,,,,,,,,,,1,Yes,"2014, 2015",5,Forest,4,NA,NA,NA
Edited_for_CEP_try_2.csv,TRUE,2019,1,23,J Johanness,225,FOR to SHB,EPSG:4326,98.93864876,11.27789923,,,,,,,,,,,,,,,,,,,,,,,,,,,,,,,,,,,,
Edited_for_CEP_try_2.csv,TRUE,2019,1,23,J Johanness,226,FOR to SHB,EPSG:4326,98.87082596,14.01237096,,,,,,,,,,,,,,,,,,,,,,,,,,,,1,Yes,"2013, 2016",5,Forest,4,NA,NA,NA
Edited_for_CEP_try_2.csv,TRUE,2019,1,23,J Johanness,227,FOR to SHB,EPSG:4326,98.0093416,14.45464152,,,,,,,,,,,,,,,,,,,,,,,,,,,,1,Yes,2014,2,Rubber,1,Small,"RBR and OPM observed, both very small in polygon",NA
Edited_for_CEP_try_2.csv,TRUE,2019,1,23,J Johanness,228,FOR to SHB,EPSG:4326,98.86813101,14.11747385,,,,,,,,,,,,,,,,,,,1,Yes,2005,7,Mixed,4,NA,NA,NA,,,"2014, 2016",6,Bare ground,4,NA,NA,NA
Edited_for_CEP_try_2.csv,TRUE,2019,1,23,J Johanness,229,FOR to SHB,EPSG:4326,98.54743246,14.1996697,,,,,,,,,,,,,,,,,,,,,,,,,,,,,,,,,,,,
Edited_for_CEP_try_2.csv,TRUE,2019,1,23,J Johanness,230,FOR to SHB,EPSG:4326,98.76572307,11.05601536,,,,,,,,,,,,,,,,,,,,,,,,,,,,,,,,,,,,
Edited_for_CEP_try_2.csv,TRUE,2019,1,23,J Johanness,231,FOR to SHB,EPSG:4326,99.23329618,11.97229695,,,,,,,,,,,,,,,,,,,,,,,,,,,,1,Yes,2014,2,Rubber,1,Small,NA,NA
Edited_for_CEP_try_2.csv,TRUE,2019,1,23,J Johanness,232,FOR to SHB,EPSG:4326,98.94448781,10.87725062,,,,,,,,,,,,,,,,,,,,,,,,,,,,,,,,,,,,
Edited_for_CEP_try_2.csv,TRUE,2019,1,23,J Johanness,233,FOR to SHB,EPSG:4326,98.73877361,10.73396933,,,,,,,,,,,,,,,,,,,,,,,,,,,,1,Yes,2016,7,Mixed,4,NA,NA,NA
Edited_for_CEP_try_2.csv,TRUE,2019,1,23,J Johanness,234,FOR to SHB,EPSG:4326,98.35878625,14.16598287,,,,,,,,,,,,,,,,,,,,,,,,,,,,1,Yes,"2013, 2014",7,Mixed,4,NA,NA,NA
Edited_for_CEP_try_2.csv,TRUE,2019,1,23,J Johanness,235,FOR to SHB,EPSG:4326,98.93795461,10.95078997,,,,,,,,,,,,,,,,,,,,,,,,,,,,,,,,,,,,
Edited_for_CEP_try_2.csv,TRUE,2019,1,23,J Johanness,236,FOR to SHB,EPSG:4326,99.03622826,11.73749979,,,,,,,,,,,,,,,,,,,,,,,,,,,,1,Yes,2013,7,Mixed,4,NA,"Just mixed, no AGR",NA
Edited_for_CEP_try_2.csv,TRUE,2019,1,23,J Johanness,237,FOR to SHB,EPSG:4326,99.02982776,12.54093052,,,,,,,,,,,,,,,,,,,,,,,,,,,,1,Yes,"2014, 2016",2,Rubber,1,Small,RBR and OPM,NA
Edited_for_CEP_try_2.csv,TRUE,2019,1,23,J Johanness,238,FOR to SHB,EPSG:4326,98.60806874,10.29604063,,,,,,,,,,,,,,,,,,,1,Yes,2005,5,Forest,,,NA,NA,,,"2015, 2017",2,Rubber,3,Large,NA,NA
Edited_for_CEP_try_2.csv,TRUE,2019,1,23,J Johanness,239,FOR to SHB,EPSG:4326,98.7042783,14.16490489,,,,,,,,,,,,,,,,,,,,,,,,,,,,1,Yes,2013,5,Forest,4,NA,NA,NA
Edited_for_CEP_try_2.csv,TRUE,2019,1,23,J Johanness,240,FOR to SHB,EPSG:4326,99.06403285,11.62299051,,,,,,,,,,,,,,,,,,,,,,,,,,,,1,Yes,"2013, 2014, 2017",2,Rubber,2,Medium,RBR mainly after 2014 observed patchily throughout,NA
Edited_for_CEP_try_2.csv,TRUE,2019,1,23,J Johanness,241,FOR to SHB,EPSG:4326,98.74057024,10.7236387,,,,,,,,,,,,,,,,,,,,,,,,,,,,1,Yes,2016,7,Mixed,4,NA,NA,NA
Edited_for_CEP_try_2.csv,TRUE,2019,1,23,J Johanness,242,FOR to SHB,EPSG:4326,98.9880561,13.83450453,,,,,,,,,,,,,,,,,,,,,,,,,,,,1,Yes,"2013, 2017",7,Mixed,,,NA,NA
Edited_for_CEP_try_2.csv,TRUE,2019,1,23,J Johanness,243,FOR to SHB,EPSG:4326,98.42467492,14.17685765,,,,,,,,,,,,,,,,,,,,,,,,,,,,,,,,,,,,
Edited_for_CEP_try_2.csv,TRUE,2019,1,23,J Johanness,244,FOR to SHB,EPSG:4326,99.5553422,11.77826085,,,,,,,,,,,,,,,,,,,,,,,,,,,,1,Yes,"2013, 2015, 2017",2,Rubber,2,Medium,NA,NA
Edited_for_CEP_try_2.csv,TRUE,2019,1,23,J Johanness,245,FOR to SHB,EPSG:4326,98.92995624,12.24892521,,,,,,,,,,,,,,,,,,,,,,,,,,,,1,Yes,2017,2,Rubber,1,Small,NA,NA
Edited_for_CEP_try_2.csv,TRUE,2019,1,23,J Johanness,246,FOR to SHB,EPSG:4326,97.84674653,14.74270129,,,,,,,,,,,,,,,,,,,1,Yes,2003,5,Forest,4,NA,NA,NA,1,Yes,2016,5,Forest,4,NA,NA,NA
Edited_for_CEP_try_2.csv,TRUE,2019,1,23,J Johanness,247,FOR to SHB,EPSG:4326,98.59594148,10.71914713,,,,,,,,,,,,,,,,,,,1,Yes,2005,5,Forest,4,NA,NA,NA,,,"2017, 2018",3,Oil palm,3,Large,NA,NA
Edited_for_CEP_try_2.csv,TRUE,2019,1,23,J Johanness,248,FOR to SHB,EPSG:4326,98.94089455,12.58135471,,,,,,,,,,,,,,,,,,,,,,,,,,,,1,Yes,"2013, 2014, 2016",7,Mixed,4,NA,NA,NA
Edited_for_CEP_try_2.csv,TRUE,2019,1,23,J Johanness,249,FOR to SHB,EPSG:4326,98.95139066,12.83340307,,,,,,,,,,,,,,,,,,,,,,,,,,,,1,Yes,2014,7,Mixed,4,NA,NA,NA
Edited_for_CEP_try_2.csv,TRUE,2019,1,23,J Johanness,250,FOR to SHB,EPSG:4326,98.60402632,10.29334568,,,,,,,,,,,,,,,,,,,1,Yes,2005,5,Forest,4,NA,NA,NA,1,Yes,2015,2,Rubber,3,Large,NA,More RBR
Edited_for_CEP_try_2.csv,TRUE,2019,1,24,J Johanness,251,FOR to SHB,EPSG:4326,98.87486838,10.81347023,,,,,,,,,,,,,,,,,,,1,Yes,2002,5,Forest,4,NA,NA,NA,1,Yes,2012,2,Rubber,1,Small,NA,NA
Edited_for_CEP_try_2.csv,TRUE,2019,1,24,J Johanness,252,FOR to SHB,EPSG:4326,98.67072623,10.8116736,,,,,,,,,,,,,,,,,,,,,2005,3,Oil palm,3,Large,NA,NA,1,Yes,2015,3,Oil palm,3,Large,NA,NA
Edited_for_CEP_try_2.csv,TRUE,2019,1,24,J Johanness,253,FOR to SHB,EPSG:4326,98.37360845,14.38292601,,,,,,,,,,,,,,,,,,,,,,,,,,,,,,2014,7,Mixed,4,NA,NA,NA
Edited_for_CEP_try_2.csv,TRUE,2019,1,24,J Johanness,254,FOR to SHB,EPSG:4326,98.36417614,14.20101717,,,,,,,,,,,,,,,,,,,,,,,,,,,,1,Yes,"2013, 2014",7,Mixed,4,NA,NA,NA
Edited_for_CEP_try_2.csv,TRUE,2019,1,24,J Johanness,255,FOR to SHB,EPSG:4326,98.95975917,13.26317601,,,,,,,,,,,,,,,,,,,,,,,,,,,,1,Yes,2016,7,Mixed,4,NA,NA,NA
Edited_for_CEP_try_2.csv,TRUE,2019,1,24,J Johanness,256,FOR to SHB,EPSG:4326,98.96784401,12.34958937,,,,,,,,,,,,,,,,,,,,,,,,,,,,1,Yes,"2013, 2014",7,Mixed,4,NA,NA,NA
Edited_for_CEP_try_2.csv,TRUE,2019,1,24,J Johanness,257,FOR to SHB,EPSG:4326,98.05695231,14.51632583,,,,,,,,,,,,,,,,,,,1,Yes,2001,7,Mixed,4,NA,NA,NA,1,Yes,2014,7,Mixed,4,NA,NA,NA
Edited_for_CEP_try_2.csv,TRUE,2019,1,24,J Johanness,258,FOR to SHB,EPSG:4326,98.67678986,10.71443097,,,,,,,,,,,,,,,,,,,,,,,,,,,,1,Yes,"2016, 2017",3,Oil palm,3,Large,NA,more OPM
Edited_for_CEP_try_2.csv,TRUE,2019,1,24,J Johanness,259,FOR to SHB,EPSG:4326,98.53934762,10.08583485,,,,,,,,,,,,,,,,,,,1,Yes,2004,7,Mixed,4,NA,NA,NA,1,Yes,2017,2,Rubber,2,Medium,NA,NA
Edited_for_CEP_try_2.csv,TRUE,2019,1,24,J Johanness,260,FOR to SHB,EPSG:4326,97.93133789,14.97626326,,,,,,,,,,,,,,,,,,,1,Yes,2004,7,Mixed,4,NA,Mainly nat veg,NA,1,Yes,2017,2,Rubber,1,Small,NA,More RPD and RBR outside
Edited_for_CEP_try_2.csv,TRUE,2019,1,24,J Johanness,261,FOR to SHB,EPSG:4326,98.520483,10.64907854,,,,,,,,,,,,,,,,,,,,,,,,,,,,1,Yes,2014,7,Mixed,4,NA,NA,NA
Edited_for_CEP_try_2.csv,TRUE,2019,1,24,J Johanness,262,FOR to SHB,EPSG:4326,98.92472488,12.71340706,,,,,,,,,,,,,,,,,,,,,,,,,,,,1,Yes,"2014, 2016",5,Forest,4,NA,NA,NA
Edited_for_CEP_try_2.csv,TRUE,2019,1,24,J Johanness,263,FOR to SHB,EPSG:4326,98.49353354,10.70836734,,,,,,,,,,,,,,,,,,,,,,,,,,,,1,Yes,2014,7,Mixed,4,NA,NA,NA
Edited_for_CEP_try_2.csv,TRUE,2019,1,24,J Johanness,264,FOR to SHB,EPSG:4326,98.18765718,14.68071753,,,,,,,,,,,,,,,,,,,,,,,,,,,,1,Yes,"2013, 2014, 2016",7,Mixed,4,NA,NA,NA
Edited_for_CEP_try_2.csv,TRUE,2019,1,24,J Johanness,265,FOR to SHB,EPSG:4326,99.2743941,11.77354469,,,,,,,,,,,,,,,,,,,,,,,,,,,,,,,,,,,,
Edited_for_CEP_try_2.csv,TRUE,2019,1,24,J Johanness,266,FOR to SHB,EPSG:4326,98.87159594,12.2487214,,,,,,,,,,,,,,,,,,,,,,,,,,,,1,Yes,"2014, 2016",2,Rubber,3,Large,NA,NA
Edited_for_CEP_try_2.csv,TRUE,2019,1,24,J Johanness,267,FOR to SHB,EPSG:4326,99.51851128,11.8402446,,,,,,,,,,,,,,,,,,,,,,,,,,,,1,Yes,2015,3,Oil palm,3,Large,OPM and RBR inside,More OPM outside
Edited_for_CEP_try_2.csv,TRUE,2019,1,24,J Johanness,268,FOR to SHB,EPSG:4326,98.33722668,14.26569587,,,,,,,,,,,,,,,,,,,,,,,,,,,,,,"2013, 2014, 2015",7,Mixed,4,NA,NA,NA
Edited_for_CEP_try_2.csv,TRUE,2019,1,24,J Johanness,269,FOR to SHB,EPSG:4326,98.75965944,12.18688201,,,,,,,,,,,,,,,,,,,,,,,,,,,,1,Yes,2016,7,Mixed,4,NA,NA,NA
Edited_for_CEP_try_2.csv,TRUE,2019,1,24,J Johanness,270,FOR to SHB,EPSG:4326,98.82231693,10.80269045,,,,,,,,,,,,,,,,,,,,,,,,,,,,1,Yes,2016,5,Forest,4,NA,NA,NA
Edited_for_CEP_try_2.csv,TRUE,2019,1,24,J Johanness,271,FOR to SHB,EPSG:4326,98.57977181,10.08718233,,,,,,,,,,,,,,,,,,,1,Yes,"2004, 2005",7,Mixed,4,NA,NA,NA,1,Yes,"2014, 2017",2,Rubber,3,Large,NA,NA
Edited_for_CEP_try_2.csv,TRUE,2019,1,24,J Johanness,272,FOR to SHB,EPSG:4326,98.78458769,14.07435471,,,,,,,,,,,,,,,,,,,1,Yes,2005,7,Mixed,4,NA,NA,NA,1,Yes,2016,7,Mixed,4,NA,NA,NA
Edited_for_CEP_try_2.csv,TRUE,2019,1,24,J Johanness,273,FOR to SHB,EPSG:4326,98.82242922,13.14654474,,,,,,,,,,,,,,,,,,,,,,,,,,,,,,,,,,,,
Edited_for_CEP_try_2.csv,TRUE,2019,1,24,J Johanness,274,FOR to SHB,EPSG:4326,98.69834942,14.15789804,,,,,,,,,,,,,,,,,,,,,,,,,,,,1,Yes,2013,5,Forest,4,NA,NA,NA
Edited_for_CEP_try_2.csv,TRUE,2019,1,24,J Johanness,275,FOR to SHB,EPSG:4326,98.93680722,12.63848756,,,,,,,,,,,,,,,,,,,,,,,,,,,,1,Yes,"2014, 2016",7,Mixed,4,NA,NA,NA
Edited_for_CEP_try_2.csv,TRUE,2019,1,24,J Johanness,276,FOR to SHB,EPSG:4326,98.40537031,13.55438416,,,,,,,,,,,,,,,,,,,,,,,,,,,,1,Yes,"2014, 2015",7,Mixed,4,NA,NA,NA
Edited_for_CEP_try_2.csv,TRUE,2019,1,24,J Johanness,277,FOR to SHB,EPSG:4326,98.65663391,10.85894744,,,,,,,,,,,,,,,,,,,,,,,,,,,,1,Yes,2016,3,Oil palm,1,Small,NA,NA
Edited_for_CEP_try_2.csv,TRUE,2019,1,24,J Johanness,278,FOR to SHB,EPSG:4326,98.62019599,13.12842872,,,,,,,,,,,,,,,,,,,,,,,,,,,,1,Yes,"2014, 2016",2,Rubber,1,Small,"RBR, and smaller patch of RPD",More RPD outside
Edited_for_CEP_try_2.csv,TRUE,2019,1,24,J Johanness,279,FOR to SHB,EPSG:4326,98.98393202,13.34263608,,,,,,,,,,,,,,,,,,,,,,,,,,,,1,Yes,"2013, 2016, 2017",7,Mixed,4,NA,NA,NA
Edited_for_CEP_try_2.csv,TRUE,2019,1,24,J Johanness,280,FOR to SHB,EPSG:4326,98.98401368,13.13786103,,,,,,,,,,,,,,,,,,,,,,,,,,,,,,,,,,,,
Edited_for_CEP_try_2.csv,TRUE,2019,1,24,J Johanness,281,FOR to SHB,EPSG:4326,98.36417614,14.67532764,,,,,,,,,,,,,,,,,,,1,Yes,2006,7,Mixed,4,NA,NA,NA,1,Yes,"2014, 2016",7,Mixed,4,NA,NA,NA
Edited_for_CEP_try_2.csv,TRUE,2019,1,24,J Johanness,282,FOR to SHB,EPSG:4326,98.66300888,10.71247101,,,,,,,,,,,,,,,,,,,1,Yes,2005,7,Mixed,4,NA,"Lots of Bare, sparse veg",NA,1,Yes,2016,,,4,NA,Same image as 2005?,NA
Edited_for_CEP_try_2.csv,TRUE,2019,1,24,J Johanness,283,FOR to SHB,EPSG:4326,99.02174293,13.41139803,,,,,,,,,,,,,,,,,,,,,,,,,,,,1,Yes,"2013, 2014",5,Forest,,,NA,NA
Edited_for_CEP_try_2.csv,TRUE,2019,1,24,J Johanness,284,FOR to SHB,EPSG:4326,99.07833679,11.6014969,,,,,,,,,,,,,,,,,,,,,,,,,,,,1,Yes,"2013, 2014",7,Mixed,4,NA,NA,NA
Edited_for_CEP_try_2.csv,TRUE,2019,1,24,J Johanness,285,FOR to SHB,EPSG:4326,98.61211116,14.19293233,,,,,,,,,,,,,,,,,,,,,,,,,,,,,,,,,,,,
Edited_for_CEP_try_2.csv,TRUE,2019,1,24,J Johanness,286,FOR to SHB,EPSG:4326,98.69295953,10.47255958,,,,,,,,,,,,,,,,,,,,,,,,,,,,1,Yes,2016,3,Oil palm,3,Large,NA,NA
Edited_for_CEP_try_2.csv,TRUE,2019,1,24,J Johanness,287,FOR to SHB,EPSG:4326,98.68217975,10.47390706,,,,,,,,,,,,,,,,,,,,,,,,,,,,1,Yes,2016,3,Oil palm,1,Small,NA,NA
Edited_for_CEP_try_2.csv,TRUE,2019,1,24,J Johanness,288,FOR to SHB,EPSG:4326,98.96245412,13.3386345,,,,,,,,,,,,,,,,,,,,,,,,,,,,,,,,,,,,
Edited_for_CEP_try_2.csv,TRUE,2019,1,24,J Johanness,289,FOR to SHB,EPSG:4326,98.89844915,11.42050679,,,,,,,,,,,,,,,,,,,,,,,,,,,,1,Yes,2014,3,Oil palm,1,Small,"Small OPM, but also logging",. RBR seemed to follow after
Edited_for_CEP_try_2.csv,TRUE,2019,1,24,J Johanness,290,FOR to SHB,EPSG:4326,99.16996495,12.13129875,,,,,,,,,,,,,,,,,,,,,,,,,,,,1,Yes,"2014, 2016",5,Forest,4,NA,NA,NA
Edited_for_CEP_try_2.csv,TRUE,2019,1,24,J Johanness,291,FOR to SHB,EPSG:4326,99.61463101,11.71897204,,,,,,,,,,,,,,,,,,,1,Yes,2003,5,Forest,4,NA,NA,NA,1,Yes,"2013, 2014",5,Forest,4,NA,NA,NA
Edited_for_CEP_try_2.csv,TRUE,2019,1,24,J Johanness,292,FOR to SHB,EPSG:4326,98.5104382,14.24585127,,,,,,,,,,,,,,,,,,,,,,,,,,,,,,,,,,,,
Edited_for_CEP_try_2.csv,TRUE,2019,1,24,J Johanness,293,FOR to SHB,EPSG:4326,99.17670231,11.79982041,,,,,,,,,,,,,,,,,,,,,,,,,,,,1,Yes,2014,2,Rubber,2,Medium,"Most likely to be RBR, even tho not as clear inside",Clearer outside the RBR
Edited_for_CEP_try_2.csv,TRUE,2019,1,24,J Johanness,294,FOR to SHB,EPSG:4326,99.14840538,11.99655146,,,,,,,,,,,,,,,,,,,,,,,,,,,,1,Yes,2014,3,Oil palm,1,Small,NA,NA
Edited_for_CEP_try_2.csv,TRUE,2019,1,24,J Johanness,295,FOR to SHB,EPSG:4326,98.00574834,14.29803522,,,,,,,,,,,,,,,,,,,,,,,,,,,,1,Yes,"2013, 2014, 2015",5,Forest,4,NA,NA,NA
Edited_for_CEP_try_2.csv,TRUE,2019,1,24,J Johanness,296,FOR to SHB,EPSG:4326,99.02017087,13.34290149,,,,,,,,,,,,,,,,,,,,,,,,,,,,1,Yes,"2014, 2017",5,Forest,4,NA,NA,NA
Edited_for_CEP_try_2.csv,TRUE,2019,1,24,J Johanness,297,FOR to SHB,EPSG:4326,98.77650285,12.52341338,,,,,,,,,,,,,,,,,,,,,,,,,,,,1,Yes,"2014, 2015",2,Rubber,3,Large,NA,NA
Edited_for_CEP_try_2.csv,TRUE,2019,1,24,J Johanness,298,FOR to SHB,EPSG:4326,99.1225339,12.04506049,,,,,,,,,,,,,,,,,,,,,,,,,,,,1,Yes,"2014, 2016",2,Rubber,2,Medium,NA,NA
Edited_for_CEP_try_2.csv,TRUE,2019,1,24,J Johanness,299,FOR to SHB,EPSG:4326,98.78121901,12.52745579,,,,,,,,,,,,,,,,,,,,,,,,,,,,,,"2014, 2015",2,Rubber,3,Large,NA,RPD outside
Edited_for_CEP_try_2.csv,TRUE,2019,1,24,J Johanness,300,FOR to SHB,EPSG:4326,98.58336507,13.12393714,,,,,,,,,,,,,,,,,,,,,,,,,,,,1,Yes,"2014, 2015",2,Rubber,3,Large,Small patches of RPD,NA
Edited_for_CEP_try_2.csv,TRUE,2019,1,24,J Johanness,301,FOR to CRP,EPSG:4326,97.95454437,14.49746121,,,,,,,,,,,,,,,,,,,,,,,,,,,,1,Yes,2014,4,Rice paddy,2,Medium,"Majorly RPD, some new/young RBR maybe",More plantations
Edited_for_CEP_try_2.csv,TRUE,2019,1,24,J Johanness,302,FOR to CRP,EPSG:4326,98.84118155,12.28760561,,,,,,,,,,,,,,,,,,,,,,,,,,,,1,Yes,"2013, 2014, 2017",7,Mixed,4,NA,"Mainly nat veg, abandoned AGR land became nat veg",
Edited_for_CEP_try_2.csv,TRUE,2019,1,24,J Johanness,303,FOR to CRP,EPSG:4326,98.10141892,14.31150995,,,,,,,,,,,,,,,,,,,,,,,,,,,,1,Yes,"2013, 2014, 2015",,,3,Large,Part of a whole RBR plantation,Larger expanse of plantations
Edited_for_CEP_try_2.csv,TRUE,2019,1,24,J Johanness,304,FOR to CRP,EPSG:4326,99.05677722,12.2337067,,,,,,,,,,,,,,,,,,,,,,,,,,,,1,Yes,"2014, 2016",5,Forest,4,NA,"Largely FOR, only ",RPD and RBR plots further up north.
Edited_for_CEP_try_2.csv,TRUE,2019,1,24,J Johanness,305,FOR to CRP,EPSG:4326,98.67301693,10.66902113,,,,,,,,,,,,,,,,,,,1,Yes,2005,5,Forest,4,NA,NA,NA,,,2016,3,Oil palm,3,Large,NA,NA
Edited_for_CEP_try_2.csv,TRUE,2019,1,24,J Johanness,306,FOR to CRP,EPSG:4326,98.07581693,14.91517782,,,,,,,,,,,,,,,,,,,,,,,,,,,,1,Yes,"2013, 2014",7,Mixed,4,NA,"While there are plots that look like plantations in 2010 or so, they seem to be abandoned later on",NA
Edited_for_CEP_try_2.csv,TRUE,2019,1,24,J Johanness,307,FOR to CRP,EPSG:4326,99.05048902,12.12006981,,,,,,,,,,,,,,,,,,,,,,,,,,,,1,Yes,"2014, 2016",4,Rice paddy,3,Large,"Mainly RPD, but RBR in smaller proportions too",NA
Edited_for_CEP_try_2.csv,TRUE,2019,1,24,J Johanness,308,FOR to CRP,EPSG:4326,98.8789108,11.33089984,,,,,,,,,,,,,,,,,,,,,,,,,,,,1,Yes,2014,1,Logging,3,Large,"Logging observed, unknown crop type","RBR observed all around, logging is evenmore widespread"
Edited_for_CEP_try_2.csv,TRUE,2019,1,24,J Johanness,309,FOR to CRP,EPSG:4326,98.7047193,12.48948156,,,,,,,,,,,,,,,,,,,,,,,,,,,,1,Yes,"2014, 2015, 2016",4,Rice paddy,3,Large,"primarily RPD, but also small tracts of RBR too",Much larger plots of RPD westwards
Edited_for_CEP_try_2.csv,TRUE,2019,1,24,J Johanness,310,FOR to CRP,EPSG:4326,98.54743246,10.01307131,,,,,,,,,,,,,,,,,,,1,Yes,"2004, 2006",7,Mixed,4,NA,Looked like mostly nat veg in 2006,,1,Yes,"2016, 2017",2,Rubber,2,Medium,Plantations become much more obvious,NA
Edited_for_CEP_try_2.csv,TRUE,2019,1,24,J Johanness,311,FOR to CRP,EPSG:4326,98.68756964,10.85119947,,,,,,,,,,,,,,,,,,,,,,,,,,,,1,Yes,"2016, 2017",5,Forest,4,NA,NA,NA
Edited_for_CEP_try_2.csv,TRUE,2019,1,24,J Johanness,312,FOR to CRP,EPSG:4326,98.88969058,12.23235922,,,,,,,,,,,,,,,,,,,,,,,,,,,,1,Yes,"2016, 2017",2,Rubber,3,Large,NA,OPM outside too
Edited_for_CEP_try_2.csv,TRUE,2019,1,24,J Johanness,313,FOR to CRP,EPSG:4326,99.2023043,11.87393143,,,,,,,,,,,,,,,,,,,,,,,,,,,,1,Yes,2014,7,Mixed,4,NA,Mainly grassland dominated,NA
Edited_for_CEP_try_2.csv,TRUE,2019,1,24,J Johanness,314,FOR to CRP,EPSG:4326,99.10764433,12.12523513,,,"2014, 2016",,,,,,,,,,,,,,,,,,,,,,,,,1,Yes,"2014, 2016",2,Rubber,,,RBR and RPD inside,NA
Edited_for_CEP_try_2.csv,TRUE,2019,1,24,J Johanness,315,FOR to CRP,EPSG:4326,98.68756964,13.2739558,,,,,,,,,,,,,,,,,,,,,,,,,,,,1,Yes,2013,7,Mixed,4,NA,NA,NA
Edited_for_CEP_try_2.csv,TRUE,2019,1,24,J Johanness,316,FOR to CRP,EPSG:4326,98.8735209,11.33359478,,,,,,,,,,,,,,,,,,,,,,,,,,,,1,Yes,2014,1,Logging,3,Large,"Extensive logging observed, and RBR to a smaller extent",NA
Edited_for_CEP_try_2.csv,TRUE,2019,1,24,J Johanness,317,FOR to CRP,EPSG:4326,98.5501274,10.01576626,,,,,,,,,,,,,,,,,,,,,"2004, 2006",7,Mixed,4,NA,Maybe FOR/SHB regrowth cycles,NA,,,"2016, 2017",5,Forest,4,NA,"Resembles less of plantations, and more of nat veg",NA
Edited_for_CEP_try_2.csv,TRUE,2019,1,24,J Johanness,318,FOR to CRP,EPSG:4326,98.85375797,12.23280838,,,,,,,,,,,,,,,,,,,,,,,,,,,,1,Yes,"2014, 2017",2,Rubber,1,Small,NA,NA
Edited_for_CEP_try_2.csv,TRUE,2019,1,24,J Johanness,319,FOR to CRP,EPSG:4326,98.78863011,10.95360742,,,,,,,,,,,,,,,,,,,,,,,,,,,,1,Yes,2016,3,Oil palm,3,Large,NA,NA
Edited_for_CEP_try_2.csv,TRUE,2019,1,24,J Johanness,320,FOR to CRP,EPSG:4326,99.00072235,13.81348396,,,,,,,,,,,,,,,,,,,,,,,,,,,,1,Yes,"2014, 2016, 2017",7,Mixed,4,NA,NA,NA
Edited_for_CEP_try_2.csv,TRUE,2019,1,24,J Johanness,321,FOR to CRP,EPSG:4326,98.59863643,10.38497384,,,,,,,,,,,,,,,,,,,1,Yes,2005,3,Oil palm,3,Large,NA,NA,1,Yes,2015,3,Oil palm,3,Large,NA,OPM outside in large swaths too
Edited_for_CEP_try_2.csv,TRUE,2019,1,24,J Johanness,322,FOR to CRP,EPSG:4326,99.00871735,12.31769918,,,,,,,,,,,,,,,,,,,,,,,,,,,,1,Yes,"2013, 2014, 2016",2,Rubber,3,Large,NA,NA
Edited_for_CEP_try_2.csv,TRUE,2019,1,24,J Johanness,323,FOR to CRP,EPSG:4326,99.14095465,11.86418206,,,,,,,,,,,,,,,,,,,,,,,,,,,,1,Yes,2014,2,Rubber,3,Large,NA,NA
Edited_for_CEP_try_2.csv,TRUE,2019,1,24,J Johanness,324,FOR to CRP,EPSG:4326,99.15649022,11.86315164,,,,,,,,,,,,,,,,,,,,,,,,,,,,1,Yes,2014,2,Rubber,2,Medium,NA,NA
Edited_for_CEP_try_2.csv,TRUE,2019,1,24,J Johanness,325,FOR to CRP,EPSG:4326,98.58381423,10.26909117,,,,,,,,,,,,,,,,,,,1,Yes,2005,7,Mixed,4,NA,Mainly nat veg,NA,,,"2015, 2017",2,Rubber,3,Large,NA,NA
Edited_for_CEP_try_2.csv,TRUE,2019,1,24,J Johanness,326,FOR to CRP,EPSG:4326,98.28255778,14.20640706,,,,,,,,,,,,,,,,,,,,,,,,,,,,1,Yes,"2013, 2014, 2015, 2017",2,Rubber,3,Large,NA,NA
Edited_for_CEP_try_2.csv,TRUE,2019,1,24,J Johanness,327,FOR to CRP,EPSG:4326,98.72604748,12.59430542,,,,,,,,,,,,,,,,,,,,,,,,,,,,1,Yes,2016,2,Rubber,3,Large,Large areas of RPD and RBR all over,NA
Edited_for_CEP_try_2.csv,TRUE,2019,1,24,J Johanness,328,FOR to CRP,EPSG:4326,98.6498404,13.089352,,,,,,,,,,,,,,,,,,,,,,,,,,,,1,Yes,"2013, 2013",2,Rubber,1,Small,"Mainly mosaic nat veg, but small RBR observed",NA
Edited_for_CEP_try_2.csv,TRUE,2019,1,24,J Johanness,329,FOR to CRP,EPSG:4326,98.80933219,12.50075133,,,,,,,,,,,,,,,,,,,,,,,,,,,,1,Yes,"2013, 2015",4,Rice paddy,3,Large,NA,NA
Edited_for_CEP_try_2.csv,TRUE,2019,1,24,J Johanness,330,FOR to CRP,EPSG:4326,98.79698444,11.16165724,,,,,,,,,,,,,,,,,,,1,Yes,2009,5,Forest,4,NA,"FOR in 2009, likely to be FOR in 2004",NA,1,Yes,2014,1,Logging,3,Large,NA,More extensive logging outside too
Edited_for_CEP_try_2.csv,TRUE,2019,1,24,J Johanness,331,FOR to CRP,EPSG:4326,98.14588552,13.74287637,,,,,,,,,,,,,,,,,,,1,Yes,2005,4,Rice paddy,3,Large,NA,More RPD outside,1,Yes,2011,4,Rice paddy,3,Large,Small tracts of RBR observed too,NA
Edited_for_CEP_try_2.csv,TRUE,2019,1,24,J Johanness,332,FOR to CRP,EPSG:4326,99.11292193,11.92603371,,,,,,,,,,,,,,,,,,,,,,,,,,,,1,Yes,2014,7,Mixed,4,NA,NA,NA
Edited_for_CEP_try_2.csv,TRUE,2019,1,24,J Johanness,333,FOR to CRP,EPSG:4326,98.57977181,10.74070669,,,,,,,,,,,,,,,,,,,1,Yes,2005,5,Forest,4,NA,NA,NA,1,Yes,"2017, 2018",5,Forest,4,NA,"Main veg type is FOR, but is intersected by WTR bodies",RBR observed
Edited_for_CEP_try_2.csv,TRUE,2019,1,24,J Johanness,334,FOR to CRP,EPSG:4326,98.08390177,13.94499731,,,,,,,,,,,,,,,,,,,,,,,,,,,,1,Yes,2016,2,Rubber,1,Small,"Nat veg mainly, not much contiguous tree cover, small new plantation, possibly RBR in polygon",NA
Edited_for_CEP_try_2.csv,TRUE,2019,1,24,J Johanness,335,FOR to CRP,EPSG:4326,98.71802253,11.15370715,,,,,,,,,,,,,,,,,,,,,,,,,,,,1,Yes,2016,4,Rice paddy,3,Large,NA,"Not that much RPD outside, mainly is inside polygon"
Edited_for_CEP_try_2.csv,TRUE,2019,1,24,J Johanness,336,FOR to CRP,EPSG:4326,98.08659672,14.89092331,,,,,,,,,,,,,,,,,,,1,Yes,2001,7,Mixed,4,NA,"Just mixed veg, similar to later on in 2015",NA,1,Yes,"2014, 2014",7,Mixed,4,NA,"Nat veg, tree, shrub and grassland",NA
Edited_for_CEP_try_2.csv,TRUE,2019,1,24,J Johanness,337,FOR to CRP,EPSG:4326,98.57123781,10.63088765,,,,,,,,,,,,,,,,,,,1,Yes,2005,3,Oil palm,3,Large,NA,"Its massive clearing, that subsequently became OPM",1,Yes,"2012, 2017, 2018",3,Oil palm,3,Large,NA,OPM all around
Edited_for_CEP_try_2.csv,TRUE,2019,1,24,J Johanness,338,FOR to CRP,EPSG:4326,98.19574202,13.86414894,,,,,,,,,,,,,,,,,,,1,Yes,2005,4,Rice paddy,3,Large,NA,"More RPD West, North, South",1,Yes,2016,4,Rice paddy,3,Large,NA,NA
Edited_for_CEP_try_2.csv,TRUE,2019,1,24,J Johanness,339,FOR to CRP,EPSG:4326,98.26446314,14.04740526,,,,,,,,,,,,,,,,,,,1,Yes,2006,2,Rubber,2,Medium,NA,NA,1,Yes,"2015, 2017",2,Rubber,3,Large,NA,NA
Edited_for_CEP_try_2.csv,TRUE,2019,1,24,J Johanness,340,FOR to CRP,EPSG:4326,98.99075105,12.71340706,,,,,,,,,,,,,,,,,,,,,,,,,,,,1,Yes,"2014, 2016",7,Mixed,4,NA,NA,NA
Edited_for_CEP_try_2.csv,TRUE,2019,1,24,J Johanness,341,FOR to CRP,EPSG:4326,99.15110033,11.91166067,,,,,,,,,,,,,,,,,,,,,,,,,,,,1,Yes,2014,2,Rubber,1,Small,NA,NA
Edited_for_CEP_try_2.csv,TRUE,2019,1,24,J Johanness,342,FOR to CRP,EPSG:4326,99.02039545,12.22023197,,,,,,,,,,,,,,,,,,,,,,,,,,,,1,Yes,2014,2,Rubber,1,Small,Large areas of unknown crop type in polygon,NA
Edited_for_CEP_try_2.csv,TRUE,2019,1,24,J Johanness,343,FOR to CRP,EPSG:4326,98.99748841,12.35497926,,,,,,,,,,,,,,,,,,,,,,,,,,,,1,Yes,"2013, 2014, 2016",4,Rice paddy,3,Large,NA,NA
Edited_for_CEP_try_2.csv,TRUE,2019,1,24,J Johanness,344,FOR to CRP,EPSG:4326,98.68465012,12.47445519,,,,,,,,,,,,,,,,,,,1,Yes,2007,4,Rice paddy,3,Large,"RPD and RBR, same as in 2015",NA,1,Yes,"2014, 2015, 2016",4,Rice paddy,3,Large,"Mainly RPD, followed by RBR",RBR outside too
Edited_for_CEP_try_2.csv,TRUE,2019,1,24,J Johanness,345,FOR to CRP,EPSG:4326,98.52722036,10.6358733,,,,,,,,,,,,,,,,,,,,,,,,,,,,1,Yes,"2012, 2014, 2017",3,Oil palm,3,Large,All OPM,OPM outside too
Edited_for_CEP_try_2.csv,TRUE,2019,1,24,J Johanness,346,FOR to CRP,EPSG:4326,98.95302181,12.60021933,,,,,,,,,,,,,,,,,,,,,,,,,,,,,,"2013, 2014, 2016",2,Rubber,3,Large,Logging and RBR noted,NA
Edited_for_CEP_try_2.csv,TRUE,2019,1,24,J Johanness,347,FOR to CRP,EPSG:4326,98.98131874,13.25104876,,,,,,,,,,,,,,,,,,,,,,,,,,,,1,Yes,2016,6,Bare ground,4,NA,"Bare and WTR, sparse veg",NA
Edited_for_CEP_try_2.csv,TRUE,2019,1,24,J Johanness,348,FOR to CRP,EPSG:4326,98.90720773,11.40635832,,,,,,,,,,,,,,,,,,,,,,,,,,,,1,Yes,"2014, 2016",3,Oil palm,3,Large,NA,Larger tracts of OPM all around
Edited_for_CEP_try_2.csv,TRUE,2019,1,24,J Johanness,349,FOR to CRP,EPSG:4326,98.99209852,12.36036915,,,,,,,,,,,,,,,,,,,,,,,,,,,,1,Yes,"2013, 2014, 2016",4,Rice paddy,3,Large,NA,NA
Edited_for_CEP_try_2.csv,TRUE,2019,1,24,J Johanness,350,FOR to CRP,EPSG:4326,98.94790141,11.27376698,,,,,,,,,,,,,,,,,,,,,,,,,,,,,,,,,,,,
Edited_for_CEP_try_2.csv,TRUE,2019,1,24,J Johanness,351,FOR to CRP,EPSG:4326,98.70418847,13.04039382,,,,,,,,,,,,,,,,,,,,,,,,,,,,1,Yes,"2013, 2016",2,Rubber,2,Medium,"RBR and RPD, others BRG",NA
Edited_for_CEP_try_2.csv,TRUE,2019,1,24,J Johanness,352,FOR to CRP,EPSG:4326,99.06452519,12.15319519,,,,,,,,,,,,,,,,,,,,,,,,,,,,1,Yes,"2013, 2014, 2016",4,Rice paddy,3,Large,"Majorly RPD, small RBR here and there",NA
Edited_for_CEP_try_2.csv,TRUE,2019,1,24,J Johanness,353,FOR to CRP,EPSG:4326,99.08210971,12.46601103,,,,,,,,,,,,,,,,,,,,,,,,,,,,1,Yes,"2014, 2015, 2016",2,Rubber,1,Small,"Small RBR, rest is just mixed nat veg",NA
Edited_for_CEP_try_2.csv,TRUE,2019,1,24,J Johanness,354,FOR to CRP,EPSG:4326,98.8735209,14.04740526,,,,,,,,,,,,,,,,,,,1,Yes,2005,5,Forest,4,NA,NA,NA,,,"2014, 2016",5,Forest,4,NA,NA,NA
Edited_for_CEP_try_2.csv,TRUE,2019,1,24,J Johanness,355,FOR to CRP,EPSG:4326,98.80345231,10.49681409,,,,,,,,,,,,,,,,,,,1,Yes,2002,7,Mixed,,,"Sparse veg, grss, BRG, and some semblance of plantations",NA,1,Yes,2015,2,Rubber,3,Large,NA,NA
Edited_for_CEP_try_2.csv,TRUE,2019,1,24,J Johanness,356,FOR to CRP,EPSG:4326,98.87082596,14.04471031,,,,,,,,,,,,,,,,,,,1,Yes,2005,5,Forest,4,NA,NA,NA,1,Yes,2014,5,Forest,4,NA,NA,NA
Edited_for_CEP_try_2.csv,TRUE,2019,1,24,J Johanness,357,FOR to CRP,EPSG:4326,98.68622217,13.79677529,,,,,,,,,,,,,,,,,,,,,,,,,,,,1,Yes,2013,7,Mixed,4,NA,NA,NA
Edited_for_CEP_try_2.csv,TRUE,2019,1,24,J Johanness,358,FOR to CRP,EPSG:4326,99.59172397,11.81868504,,,,,,,,,,,,,,,,,,,,,,,,,,,,1,Yes,"2013, 2015, 2017",3,Oil palm,3,Large,NA,OPM swaths continue outwards
Edited_for_CEP_try_2.csv,TRUE,2019,1,24,J Johanness,359,FOR to CRP,EPSG:4326,98.60976773,13.24587368,,,,,,,,,,,,,,,,,,,,,,,,,,,,1,Yes,"2014, 2016",4,Rice paddy,3,Large,"Majorly dominated by RPD, but small RBR observed",NA
Edited_for_CEP_try_2.csv,TRUE,2019,1,24,J Johanness,360,FOR to CRP,EPSG:4326,98.56360213,10.12221662,,,,,,,,,,,,,,,,,,,,,,,,,,,,1,Yes,"2013, 2014, 2017",3,Oil palm,3,Large,NA,NA
Edited_for_CEP_try_2.csv,TRUE,2019,1,24,J Johanness,361,FOR to CRP,EPSG:4326,99.1074422,11.91031319,,,,,,,,,,,,,,,,,,,,,,,,,,,,1,Yes,2014,3,Oil palm,3,Large,NA,NA
Edited_for_CEP_try_2.csv,TRUE,2019,1,24,J Johanness,362,FOR to CRP,EPSG:4326,98.11893607,13.93421753,,,,,,,,,,,,,,,,,,,1,Yes,2005,2,Rubber,1,Small,NA,NA,1,Yes,2016,2,Rubber,3,Large,NA,"RBR continues out, lots of OPM too"
Edited_for_CEP_try_2.csv,TRUE,2019,1,24,J Johanness,363,FOR to CRP,EPSG:4326,99.10043535,11.98914036,,,,,,,,,,,,,,,,,,,,,,,,,,,,1,Yes,"2012, 2014",4,Rice paddy,2,Medium,"While RPD is seen throughout, RBR is observed to take up a much smaller extent",NA
Edited_for_CEP_try_2.csv,TRUE,2019,1,24,J Johanness,364,FOR to CRP,EPSG:4326,98.70751224,10.36018034,,,,,,,,,,,,,,,,,,,,,,,,,,,,1,Yes,"2013, 2016",3,Oil palm,3,Large,NA,NA
Edited_for_CEP_try_2.csv,TRUE,2019,1,24,J Johanness,365,FOR to CRP,EPSG:4326,98.8088422,10.50355146,,,,,,,,,,,,,,,,,,,1,Yes,2002,4,Rice paddy,3,Large,Mainly RPD ,"Outside, some RBR is observed",1,Yes,2015,2,Rubber,3,Large,RBR and RPD equally dominating the polygon,NA
Edited_for_CEP_try_2.csv,TRUE,2019,1,24,J Johanness,366,FOR to CRP,EPSG:4326,98.7791978,11.12608395,,,,,,,,,,,,,,,,,,,,,,,,,,,,,,,,,,,,
Edited_for_CEP_try_2.csv,TRUE,2019,1,24,J Johanness,367,FOR to CRP,EPSG:4326,98.76572307,12.26874099,,,,,,,,,,,,,,,,,,,,,,,,,,,,1,Yes,"2016, 2017",4,Rice paddy,1,Small,NA,NA
Edited_for_CEP_try_2.csv,TRUE,2019,1,24,J Johanness,368,FOR to CRP,EPSG:4326,98.52637819,10.49934061,,,,,,,,,,,,,,,,,,,,,,,,,,,,1,Yes,"2012, 2015",3,Oil palm,1,Small,NA,"More OPM easteards, nat veg westwards"
Edited_for_CEP_try_2.csv,TRUE,2019,1,24,J Johanness,369,FOR to CRP,EPSG:4326,98.7544043,11.10668034,,,,,,,,,,,,,,,,,,,,,,,,,,,,,,,,,,,,
Edited_for_CEP_try_2.csv,TRUE,2019,1,24,J Johanness,370,FOR to CRP,EPSG:4326,98.868516,11.39769599,,,,,,,,,,,,,,,,,,,,,,,,,,,,1,Yes,2014,3,Oil palm,3,Large,OPM all around. Posisbly smaller tracts of RPD too,NA
Edited_for_CEP_try_2.csv,TRUE,2019,1,24,J Johanness,371,FOR to CRP,EPSG:4326,98.64175556,12.58202845,,,,,,,,,,,,,,,,,,,1,Yes,2005,4,Rice paddy,3,Large,NA,NA,1,Yes,"2013, 2014, 2016",4,Rice paddy,3,Large,NA,NA
Edited_for_CEP_try_2.csv,TRUE,2019,1,24,J Johanness,372,FOR to CRP,EPSG:4326,99.06486206,13.4828141,,,,,,,,,,,,,,,,,,,,,,,,,,,,1,Yes,"2013, 2014, 2017",7,Mixed,4,NA,NA,NA
Edited_for_CEP_try_2.csv,TRUE,2019,1,24,J Johanness,373,FOR to CRP,EPSG:4326,98.52587289,10.70297745,,,,,,,,,,,,,,,,,,,,,,,,,,,,1,Yes,2012,7,Mixed,4,NA,NA,NA
Edited_for_CEP_try_2.csv,TRUE,2019,1,24,J Johanness,374,FOR to CRP,EPSG:4326,98.52856784,10.70028251,,,,,,,,,,,,,,,,,,,,,,,,,,,,1,Yes,2012,7,Mixed,4,NA,NA,NA
Edited_for_CEP_try_2.csv,TRUE,2019,1,24,J Johanness,375,FOR to CRP,EPSG:4326,98.97503053,13.14280176,,,,,,,,,,,,,,,,,,,,,,,,,,,,,,,,,,,,
Edited_for_CEP_try_2.csv,TRUE,2019,1,24,J Johanness,376,FOR to CRP,EPSG:4326,99.21038914,11.96690706,,,,,,,,,,,,,,,,,,,,,,,,,,,,1,Yes,2014,2,Rubber,3,Large,NA,NA
Edited_for_CEP_try_2.csv,TRUE,2019,1,24,J Johanness,377,FOR to CRP,EPSG:4326,98.48814365,10.48199189,,,,,,,,,,,,,,,,,,,,,,,,,,,,1,Yes,"2014, 2015",7,Mixed,,,Just mixed nat veg,OPM plantations up northeast
Edited_for_CEP_try_2.csv,TRUE,2019,1,24,J Johanness,378,FOR to CRP,EPSG:4326,98.76302812,10.99672655,,,,,,,,,,,,,,,,,,,,,,,,,,,,1,Yes,2016,3,Oil palm,1,Small,"OPM small, mainly waterlogged veg (maybe MNG)",lots of OPM
Edited_for_CEP_try_2.csv,TRUE,2019,1,24,J Johanness,379,FOR to CRP,EPSG:4326,99.0582107,11.96713641,,,,,,,,,,,,,,,,,,,,,,,,,,,,1,Yes,"2012, 2014",4,Rice paddy,3,Large,NA,NA
Edited_for_CEP_try_2.csv,TRUE,2019,1,24,J Johanness,380,FOR to CRP,EPSG:4326,98.50754726,10.69597059,,,,,,,,,,,,,,,,,,,,,,,,,,,,1,Yes,"2012, 2014",1,Logging,3,Large,"Resembled FOR in 2012, logging in 2014",More logging all around.
Edited_for_CEP_try_2.csv,TRUE,2019,1,24,J Johanness,381,FOR to CRP,EPSG:4326,99.11965929,11.89234689,,,,,,,,,,,,,,,,,,,,,,,,,,,,1,Yes,2014,7,Mixed,4,NA,NA,Lots of RBR around polygon.
Edited_for_CEP_try_2.csv,TRUE,2019,1,24,J Johanness,382,FOR to CRP,EPSG:4326,98.53665267,10.48468684,,,,,,,,,,,,,,,,,,,,,,,,,,,,1,Yes,2012,3,Oil palm,3,Large,NA,OPM all around
Edited_for_CEP_try_2.csv,TRUE,2019,1,24,J Johanness,383,FOR to CRP,EPSG:4326,98.95167433,12.02889081,,,,,,,,,,,,,,,,,,,,,,,,,,,,,,,,,,,,
Edited_for_CEP_try_2.csv,TRUE,2019,1,24,J Johanness,384,FOR to CRP,EPSG:4326,98.28602271,14.03932042,,,,,,,,,,,,,,,,,,,1,Yes,2006,2,Rubber,1,Small,"Predominganly mixed nat veg, only small area of RBR in Northwest corner",RBR already established further northwest,1,Yes,"2014, 2015, 2016",2,Rubber,3,Large,Almost everything inside the polygon is OPM,NA
Edited_for_CEP_try_2.csv,TRUE,2019,1,24,J Johanness,385,FOR to CRP,EPSG:4326,98.6148061,10.81077529,,,,,,,,,,,,,,,,,,,1,Yes,2005,7,Mixed,4,NA,NA,NA,1,Yes,"2012, 2018",7,Mixed,,,Very similar to earlier in 2004,NA
Edited_for_CEP_try_2.csv,TRUE,2019,1,24,J Johanness,386,FOR to CRP,EPSG:4326,98.93280971,12.09356951,,,,,,,,,,,,,,,,,,,,,,,,,,,,1,Yes,2014,4,Rice paddy,3,Large,NA,More RPD flanking east-southeast
Edited_for_CEP_try_2.csv,TRUE,2019,1,24,J Johanness,387,FOR to CRP,EPSG:4326,99.03252271,12.09626446,,,,,,,,,,,,,,,,,,,,,,,,,,,,1,Yes,"2012, 2014, 2016",4,Rice paddy,2,Medium,NA,NA
Edited_for_CEP_try_2.csv,TRUE,2019,1,24,J Johanness,388,FOR to CRP,EPSG:4326,99.13493065,12.21214713,,,,,,,,,,,,,,,,,,,,,,,,,,,,1,Yes,"2014, 2018",1,Logging,2,Medium,"Initially FOR and nat veg, but in 2018 imagery, logging was observed",
Edited_for_CEP_try_2.csv,TRUE,2019,1,24,J Johanness,389,FOR to CRP,EPSG:4326,97.93118817,14.96189021,,,,,,,,,,,,,,,,,,,1,Yes,2003,4,Rice paddy,1,Small,NA,More RPD,1,Yes,"2012, 204, 2017",4,Rice paddy,1,Small,NA,NA
Edited_for_CEP_try_2.csv,TRUE,2019,1,24,J Johanness,390,FOR to CRP,EPSG:4326,98.09872397,14.64298829,,,,,,,,,,,,,,,,,,,,,,,,,,,,1,Yes,"2011, 2014",2,Rubber,3,Large,"Initially vegetated in whole polygin in 2011, later on clearing and what looks like RBR all around",NA
Edited_for_CEP_try_2.csv,TRUE,2019,1,24,J Johanness,391,FOR to CRP,EPSG:4326,98.58246675,10.08718233,,,,,,,,,,,,,,,,,,,1,Yes,"2004, 2005",7,Mixed,4,NA,NA,NA,1,Yes,"2012, 2014",2,Rubber,3,Large,NA,More RBR
Edited_for_CEP_try_2.csv,TRUE,2019,1,24,J Johanness,392,FOR to CRP,EPSG:4326,98.56799915,10.08980635,,,,,,,,,,,,,,,,,,,,,2004,2,Rubber,1,Small,Very small RBR,NA,1,Yes,"2014, 2018",2,Rubber,3,Large,NA,NA
Edited_for_CEP_try_2.csv,TRUE,2019,1,24,J Johanness,393,FOR to CRP,EPSG:4326,98.77448164,12.87914623,,,,,,,,,,,,,,,,,,,,,,,,,,,,1,Yes,"2013, 2016",7,Mixed,,,"No obvious observalble plantations, even though some parts resemble it.",NA
Edited_for_CEP_try_2.csv,TRUE,2019,1,24,J Johanness,394,FOR to CRP,EPSG:4326,98.0825543,13.91535291,,,,,,,,,,,,,,,,,,,,,,,,,,,,1,Yes,"2011, 2016",2,Rubber,2,Medium,NA,More RBR
Edited_for_CEP_try_2.csv,TRUE,2019,1,24,J Johanness,395,FOR to CRP,EPSG:4326,98.60672126,10.79426874,,,,,,3,Large,,,,,,,,,,,,,,2005,7,Mixed,4,NA,FOR and WTR.,NA,,,"2012, 2016, 2017, 2018",3,Oil palm,3,Large,OPM and RBR together very large.,Much bigger OPM tracts Eastwards
Edited_for_CEP_try_2.csv,TRUE,2019,1,24,J Johanness,396,FOR to CRP,EPSG:4326,98.08120682,14.64433576,,,,,,,,,,,,,,,,,,,,,,,,,,,,1,Yes,"2011, 2014, 2014",3,Oil palm,3,Large,NA,More OPM south
Edited_for_CEP_try_2.csv,TRUE,2019,1,24,J Johanness,397,FOR to CRP,EPSG:4326,98.9297779,12.08177912,,,,,,,,,,,,,,,,,,,,,,,,,,,,1,Yes,2014,4,Rice paddy,3,Large,"Mainly RPD, but some RBR too",NA
Edited_for_CEP_try_2.csv,TRUE,2019,1,24,J Johanness,398,FOR to CRP,EPSG:4326,98.66062018,12.87510381,,,,,,,,,,,,,,,,,,,,,,,,,,,,1,Yes,"2011, 2013, 2016",4,Rice paddy,3,Large,NA,NA
Edited_for_CEP_try_2.csv,TRUE,2019,1,24,J Johanness,399,FOR to CRP,EPSG:4326,98.12971585,14.02584569,,,,,,,,,,,,,,,,,,,1,Yes,2005,2,Rubber,1,Small,Small RBR patches. still dominated by Nat Veg,"RPD outside, east.",,,"2012, 2013, 2014, 2016",2,Rubber,3,Large,Polygon dominated by RBR,RPD outside.
Edited_for_CEP_try_2.csv,TRUE,2019,1,24,J Johanness,400,FOR to CRP,EPSG:4326,98.69834942,10.79864803,,,,,,,,,,,,,,,,,,,,,,,,,,,,1,Yes,"2016, 2017, 2018",2,Rubber,1,Small,NA,"More RBR outside, Eastwards"
Edited_for_CEP_try_2.csv,TRUE,2019,1,24,J Johanness,401,FOR to CRP,EPSG:4326,98.03215881,14.52387168,,,,,,,,,,,,,,,,,,,1,Yes,2000,7,Mixed,4,NA,"Nat Veg dominated, no AGR",NA,1,Yes,"2011, 2012, 2014",7,Mixed,,,"Still nat veg dominated, but more grssland",NA
Edited_for_CEP_try_2.csv,TRUE,2019,1,24,J Johanness,402,FOR to CRP,EPSG:4326,98.85034437,12.09114406,,,,,,,,,,,,,,,,,,,,,,,,,,,,1,Yes,2013,4,Rice paddy,3,Large,NA,NA
Edited_for_CEP_try_2.csv,TRUE,2019,1,24,J Johanness,403,FOR to CRP,EPSG:4326,98.53287975,10.33107493,,,,,,,,,,,,,,,,,,,,,,,,,,,,,,,,,,,,
Edited_for_CEP_try_2.csv,TRUE,2019,1,24,J Johanness,404,FOR to CRP,EPSG:4326,98.97727632,12.25796121,,,,,,,,,,,,,,,,,,,,,,,,,,,,1,Yes,"2012, 2013, 2014, 2016",2,Rubber,3,Large,NA,NA
Edited_for_CEP_try_2.csv,TRUE,2019,1,24,J Johanness,405,FOR to CRP,EPSG:4326,98.52560339,10.47633251,,,,,,,,,,,,,,,,,,,,,,,,,,,,1,Yes,"2012, 2015",3,Oil palm,3,Large,NA,OPM everywhere
Edited_for_CEP_try_2.csv,TRUE,2019,1,24,J Johanness,406,FOR to CRP,EPSG:4326,99.19674597,12.01726886,,,,,,,,,,,,,,,,,,,,,,,,,,,,1,Yes,"2014, 2014",4,Rice paddy,3,Large,"AGR is RPD dominated, but there are small tracts of RBR","mainly RPD, but RBR is found outside too, eg Northeast"
Edited_for_CEP_try_2.csv,TRUE,2019,1,24,J Johanness,407,FOR to CRP,EPSG:4326,98.79213354,11.20854929,,,,,,,,,,,,,,,,,,,,,,,,,,,,1,Yes,2015,7,Mixed,4,NA,"Mosaic of mixed LC classes, BRG, WTR, nat veg",NA
Edited_for_CEP_try_2.csv,TRUE,2019,1,24,J Johanness,408,FOR to CRP,EPSG:4326,98.97053895,11.44678251,,,,,,,,,,,,,,,,,,,,,,,,,,,,1,Yes,2015,4,Rice paddy,2,Medium,RPD in larger area as compared to OPM in the polygon,"Outside, there is a lot of RPD, and even more OPM"
Edited_for_CEP_try_2.csv,TRUE,2019,1,24,J Johanness,409,FOR to CRP,EPSG:4326,98.61660273,13.12932704,,,,,,,,,,,,,,,,,,,,,,,,,,,,,,"2013, 2014, 2016",4,Rice paddy,1,Small,NA,RPD and RBD observed
Edited_for_CEP_try_2.csv,TRUE,2019,1,24,J Johanness,410,FOR to CRP,EPSG:4326,99.01904798,11.65743744,,,,,,,,,,,,,,,,,,,,,,,,,,,,1,Yes,2013,5,Forest,4,NA,"FOR, or maybe SHB, no plantations inside",NA
Edited_for_CEP_try_2.csv,TRUE,2019,1,24,J Johanness,411,FOR to CRP,EPSG:4326,98.74281603,12.43582764,,,,,,,,,,,,,,,,,,,,,,,,,,,,1,Yes,"2012, 2013, 2014, 2015",2,Rubber,3,Large,NA,NA
Edited_for_CEP_try_2.csv,TRUE,2019,1,24,J Johanness,412,FOR to CRP,EPSG:4326,99.05509288,12.29501671,,,,,,,,,,,,,,,,,,,,,,,,,,,,1,Yes,"2014, 2015, 2016",4,Rice paddy,1,Small,"Rest is just WTR, BRG, FOR, mixed",Lots of RPD up North
Edited_for_CEP_try_2.csv,TRUE,2019,1,24,J Johanness,413,FOR to CRP,EPSG:4326,98.23751368,14.32363721,,,,,,,,,,,,,,,,,,,,,,,,,,,,1,Yes,"2014, 2016, 2017, 2018",2,Rubber,3,Large,NA,More RBR
Edited_for_CEP_try_2.csv,TRUE,2019,1,24,J Johanness,414,FOR to CRP,EPSG:4326,98.68128143,10.32658335,,,,,,,,,,,,,,,,,,,1,Yes,2002,5,Forest,4,NA,NA,NA,1,Yes,"2016, 2018",3,Oil palm,3,Large,NA,NA
Edited_for_CEP_try_2.csv,TRUE,2019,1,24,J Johanness,415,FOR to CRP,EPSG:4326,99.04969516,12.0233129,,,,,,,,,,,,,,,,,,,,,,,,,,,,1,Yes,"2012, 2014, 2016",4,Rice paddy,,,"Mainly RPD, only small tracts of RBR in 2016",NA
Edited_for_CEP_try_2.csv,TRUE,2019,1,24,J Johanness,416,FOR to CRP,EPSG:4326,98.87756332,12.25257132,,,,,,,,,,,,,,,,,,,,,,,,,,,,1,Yes,"2013, 2016, 2017",2,Rubber,3,Large,"RBR dominates, followed by RPD.",Lots of RBR
Edited_for_CEP_try_2.csv,TRUE,2019,1,24,J Johanness,417,FOR to CRP,EPSG:4326,98.6085179,13.12932704,,,,,,,,,,,,,,,,,,,,,,,,,,,,1,Yes,"2013, 2014, 2016",4,Rice paddy,3,Large,NA,NA
Edited_for_CEP_try_2.csv,TRUE,2019,1,24,J Johanness,418,FOR to CRP,EPSG:4326,98.5989733,10.78348896,,,,,,,,,,,,,,,,,,,1,Yes,2005,7,Mixed,4,NA,"Lots of GRS, and maybe BRG, WTR too",NA,1,Yes,"2017, 2018",2,Rubber,3,Large,NA,NA
Edited_for_CEP_try_2.csv,TRUE,2019,1,24,J Johanness,419,FOR to CRP,EPSG:4326,98.45445682,14.32471518,,,,,,,,,,,,,,,,,,,,,,,,,,,,1,Yes,"2014, 2014",7,Mixed,4,NA,NA,NA
Edited_for_CEP_try_2.csv,TRUE,2019,1,24,J Johanness,420,FOR to CRP,EPSG:4326,99.14242597,11.8831953,,,,,,,,,,,,,,,,,,,,,,,,,,,,1,Yes,2014,2,Rubber,1,Small,NA,RBR tracts spread around
Edited_for_CEP_try_2.csv,TRUE,2019,1,24,J Johanness,421,FOR to CRP,EPSG:4326,98.44619623,14.14664957,,,,,,,,,,,,,,,,,,,,,,,,,,,,1,Yes,"2013, 2014, 2015",6,Bare ground,4,NA,"Primarily BRG, maybe some WTR, GRS, some nat veg",Lots of BRG
Edited_for_CEP_try_2.csv,TRUE,2019,1,24,J Johanness,422,FOR to CRP,EPSG:4326,98.56989034,10.03642751,,,,,,,,,,,,,,,,,,,1,Yes,"2004, 2006",7,Mixed,4,NA,"Maybe small plantations, but not very extensive",NA,,,"2012, 2014",2,Rubber,3,Large,NA,NA
Edited_for_CEP_try_2.csv,TRUE,2019,1,24,J Johanness,423,FOR to CRP,EPSG:4326,98.60672126,10.76900363,,,,,,,,,,,,,,,,,,,1,Yes,2005,5,Forest,4,NA,NA,NA,1,Yes,"2012, 2018",2,Rubber,3,Large,"RBR was small in 2012, but it expanded over the whole polygon in 2018.",NA
Edited_for_CEP_try_2.csv,TRUE,2019,1,24,J Johanness,424,FOR to CRP,EPSG:4326,98.79267253,12.85623919,,,,,,,,,,,,,,,,,,,,,,,,,,,,,,,,,,,,
Edited_for_CEP_try_2.csv,TRUE,2019,1,24,J Johanness,425,FOR to CRP,EPSG:4326,98.10048605,14.72922656,,,,,,,,,,,,,,,,,,,,,,,,,,,,1,Yes,2014,2,Rubber,3,Large,NA,NA
Edited_for_CEP_try_2.csv,TRUE,2019,1,24,J Johanness,426,FOR to CRP,EPSG:4326,99.14032054,12.33072475,,,,,,,,,,,,,,,,,,,,,,,,,,,,,,"2012, 2014, 2015",2,Rubber,3,Large,Resembles RBR more than OPM,NA
Edited_for_CEP_try_2.csv,TRUE,2019,1,24,J Johanness,427,FOR to CRP,EPSG:4326,98.62558589,13.11495399,,,,,,,,,,,,,,,,,,,,,,,,,,,,1,Yes,"2013, 2014, 2016",4,Rice paddy,,,NA,NA
Edited_for_CEP_try_2.csv,TRUE,2019,1,24,J Johanness,428,FOR to CRP,EPSG:4326,98.99730875,12.24861873,,,,,,,,,,,,,,,,,,,,,,,,,,,,1,Yes,"2014, 2016",2,Rubber,3,Large,NA,NA
Edited_for_CEP_try_2.csv,TRUE,2019,1,24,J Johanness,429,FOR to CRP,EPSG:4326,98.66331513,10.45234749,,,,,,,,,,,,,,,,,,,1,Yes,2005,5,Forest,4,NA,BRG in the middle,NA,1,Yes,"2016, 2017, 2018",3,Oil palm,3,Large,NA,NA
Edited_for_CEP_try_2.csv,TRUE,2019,1,24,J Johanness,430,FOR to CRP,EPSG:4326,99.2521608,11.84832944,,,,,,,,,,,,,,,,,,,,,,,,,,,,,,,,,,,,
Edited_for_CEP_try_2.csv,TRUE,2019,1,24,J Johanness,431,FOR to CRP,EPSG:4326,98.62828083,12.43582764,,,,,,,,,,,,,,,,,,,1,Yes,2005,5,Forest,4,NA,NA,NA,1,Yes,"2014, 2015, 2017",8,Built up area,2,Medium,Settlements main change in 2015,Lots of urbanization happening outside of polygon too
Edited_for_CEP_try_2.csv,TRUE,2019,1,24,J Johanness,432,FOR to CRP,EPSG:4326,99.01365809,12.33341969,,,,,,,,,,,,,,,,,,,,,,,,,,,,1,Yes,"2012, 2013, 2015, 2016",4,Rice paddy,2,Medium,NA,Part of larger RPD system westwards
Edited_for_CEP_try_2.csv,TRUE,2019,1,24,J Johanness,433,FOR to CRP,EPSG:4326,99.00692072,12.33341969,,,,,,,,,,,,,,,,,,,,,,,,,,,,1,Yes,"2014, 2016, 2018",2,Rubber,3,Large,NA,More RBR all around
Edited_for_CEP_try_2.csv,TRUE,2019,1,24,J Johanness,434,FOR to CRP,EPSG:4326,99.17804979,12.08278973,,,,,,,,,,,,,,,,,,,,,,,,,,,,1,Yes,2014,7,Mixed,4,NA,NA,NA
Edited_for_CEP_try_2.csv,TRUE,2019,1,24,J Johanness,435,FOR to CRP,EPSG:4326,98.40460033,13.76578341,,,,,,,,,,,,,,,,,,,,,,,,,,,,1,Yes,"2014, 2015, 2017",7,Mixed,4,NA,"No plantations inside. Just mixed nat veg, BRG, WTR, GRS, FOR","Some RPD east, and RBR westwards."
Edited_for_CEP_try_2.csv,TRUE,2019,1,24,J Johanness,436,FOR to CRP,EPSG:4326,98.74820592,12.56518504,,,,,,,,,,,,,,,,,,,,,,,,,,,,1,Yes,"2013, 2016",4,Rice paddy,3,Large,"Mainly RPD, followed by RBR",More RBR and RPD outside
Edited_for_CEP_try_2.csv,TRUE,2019,1,24,J Johanness,437,FOR to CRP,EPSG:4326,98.11085123,14.85049912,,,,,,,,,,,,,,,,,,,1,Yes,2002,5,Forest,4,NA,NA,NA,1,Yes,"2014, 2014",7,Mixed,4,NA,Mosaic nat veg and FOR,NA
Edited_for_CEP_try_2.csv,TRUE,2019,1,24,J Johanness,438,FOR to CRP,EPSG:4326,99.08372668,12.42909027,,,,,,,,,,,,,,,,,,,,,,,,,,,,1,Yes,"2014, 2015, 2016",4,Rice paddy,3,Large,NA,Lots more RPD outside too
Edited_for_CEP_try_2.csv,TRUE,2019,1,24,J Johanness,439,FOR to CRP,EPSG:4326,99.10124383,12.38731861,,,,,,,,,,,,,,,,,,,,,,,,,,,,1,Yes,"2014, 2016, 2018",7,Mixed,4,NA,NA,NA
Edited_for_CEP_try_2.csv,TRUE,2019,1,24,J Johanness,440,FOR to CRP,EPSG:4326,98.53395773,10.67872294,,,,,,,,,,,,,,,,,,,,,,,,,,,,1,Yes,2012,2,Rubber,3,Large,NA,NA
Edited_for_CEP_try_2.csv,TRUE,2019,1,24,J Johanness,441,FOR to CRP,EPSG:4326,98.94763192,11.42791789,,,,,,,,,,,,,,,,,,,,,,,,,,,,1,Yes,"2014, 2015",3,Oil palm,3,Large,NA,More OPM
Edited_for_CEP_try_2.csv,TRUE,2019,1,24,J Johanness,442,FOR to CRP,EPSG:4326,98.7293413,12.64199099,,,,,,,,,,,,,,,,,,,,,,,,,,,,1,Yes,"2012, 2013, 2014, 2016, 2016",2,Rubber,3,Large,NA,More RBR plantations.
Edited_for_CEP_try_2.csv,TRUE,2019,1,24,J Johanness,443,FOR to CRP,EPSG:4326,98.63906062,10.44291518,,,,,,,,,,,,,,,,,,,1,Yes,2005,7,Mixed,4,NA,"Mixed nat veg, GRS, SHB, FOR",NA,1,Yes,"2012, 2016",3,Oil palm,3,Large,NA,OPM
Edited_for_CEP_try_2.csv,TRUE,2019,1,24,J Johanness,444,FOR to CRP,EPSG:4326,98.52587289,10.67333305,,,,,,,,,,,,,,,,,,,,,,,,,,,,1,Yes,2012,2,Rubber,1,Small,"Mainly nat veg, wetlands. Small RBR observed.",Part of larger RBR plantation southeast
Edited_for_CEP_try_2.csv,TRUE,2019,1,24,J Johanness,445,FOR to CRP,EPSG:4326,98.72080731,11.42162968,,,,,,,,,,,,,,,,,,,,,,,,,,,,1,Yes,2017,4,Rice paddy,3,Large,NA,NA
Edited_for_CEP_try_2.csv,TRUE,2019,1,24,J Johanness,446,FOR to CRP,EPSG:4326,98.98131874,13.20334821,,,,,,,,,,,,,,,,,,,,,,,,,,,,1,Yes,2017,5,Forest,4,NA,"FOR and WTR, BRG. no plantation observed",NA
Edited_for_CEP_try_2.csv,TRUE,2019,1,24,J Johanness,447,FOR to CRP,EPSG:4326,98.82004472,12.37770135,,,,,,,,,,,,,,,,,,,,,,,,,,,,1,Yes,"2013, 2014",4,Rice paddy,3,Large,NA,Small tracts of RBR outside.
Edited_for_CEP_try_2.csv,TRUE,2019,1,24,J Johanness,448,FOR to CRP,EPSG:4326,98.49050172,10.68074415,,,,,,,,,,,,,,,,,,,,,2012,5,Forest,4,NA,FOR all intact,NA,1,Yes,2014,2,Rubber,3,Large,Large scale conersion to RBR,"East and West too, all the way with new roads"
Edited_for_CEP_try_2.csv,TRUE,2019,1,24,J Johanness,449,FOR to CRP,EPSG:4326,99.11202361,11.87797384,,,,,,,,,,,,,,,,,,,,,,,,,,,,1,Yes,2014,7,Mixed,4,NA,"No plantation, just mixed nat veg, and WTR",NA
Edited_for_CEP_try_2.csv,TRUE,2019,1,24,J Johanness,450,FOR to CRP,EPSG:4326,98.56629708,10.30451046,,,,,,,,,,,,,,,,,,,1,Yes,2005,5,Forest,4,NA,NA,NA,1,Yes,"2015, 2017, 2018",3,Oil palm,3,Large,OPM all around,NA
